[
  {
    "pk": 5, 
    "model": "progdb2.conday", 
    "fields": {
      "name": "TBA", 
      "visible": false, 
      "date": "2012-04-09", 
      "order": 0, 
      "isDefault": true, 
      "isUndefined": true
    }
  }, 
  {
    "pk": 1, 
    "model": "progdb2.conday", 
    "fields": {
      "name": "Friday", 
      "visible": true, 
      "date": "2012-04-06", 
      "order": 2, 
      "isDefault": false, 
      "isUndefined": false
    }
  }, 
  {
    "pk": 2, 
    "model": "progdb2.conday", 
    "fields": {
      "name": "Saturday", 
      "visible": true, 
      "date": "2012-04-07", 
      "order": 2, 
      "isDefault": false, 
      "isUndefined": false
    }
  }, 
  {
    "pk": 3, 
    "model": "progdb2.conday", 
    "fields": {
      "name": "Sunday", 
      "visible": true, 
      "date": "2012-04-08", 
      "order": 2, 
      "isDefault": false, 
      "isUndefined": false
    }
  }, 
  {
    "pk": 4, 
    "model": "progdb2.conday", 
    "fields": {
      "name": "Monday", 
      "visible": true, 
      "date": "2012-04-09", 
      "order": 2, 
      "isDefault": false, 
      "isUndefined": false
    }
  }, 
  {
    "pk": 25, 
    "model": "progdb2.slotlength", 
    "fields": {
      "length": 0, 
      "name": "None", 
      "isDefault": false, 
      "isUndefined": true
    }
  }, 
  {
    "pk": 21, 
    "model": "progdb2.slotlength", 
    "fields": {
      "length": 30, 
      "name": "30mins", 
      "isDefault": false, 
      "isUndefined": false
    }
  }, 
  {
    "pk": 23, 
    "model": "progdb2.slotlength", 
    "fields": {
      "length": 90, 
      "name": "90mins", 
      "isDefault": false, 
      "isUndefined": false
    }
  }, 
  {
    "pk": 24, 
    "model": "progdb2.slotlength", 
    "fields": {
      "length": 120, 
      "name": "2 hours", 
      "isDefault": false, 
      "isUndefined": false
    }
  }, 
  {
    "pk": 22, 
    "model": "progdb2.slotlength", 
    "fields": {
      "length": 60, 
      "name": "1 hour", 
      "isDefault": true, 
      "isUndefined": false
    }
  }, 
  {
    "pk": 68, 
    "model": "progdb2.slot", 
    "fields": {
      "slotText": "10-11am", 
      "visible": true, 
      "startText": "10am", 
      "start": 600, 
      "length": 22, 
      "isDefault": false, 
      "isUndefined": false
    }
  }, 
  {
    "pk": 69, 
    "model": "progdb2.slot", 
    "fields": {
      "slotText": "11am-Noon", 
      "visible": true, 
      "startText": "11am", 
      "start": 660, 
      "length": 22, 
      "isDefault": false, 
      "isUndefined": false
    }
  }, 
  {
    "pk": 70, 
    "model": "progdb2.slot", 
    "fields": {
      "slotText": "Noon-1pm", 
      "visible": true, 
      "startText": "Noon", 
      "start": 720, 
      "length": 22, 
      "isDefault": false, 
      "isUndefined": false
    }
  }, 
  {
    "pk": 71, 
    "model": "progdb2.slot", 
    "fields": {
      "slotText": "1-2pm", 
      "visible": true, 
      "startText": "1pm", 
      "start": 780, 
      "length": 22, 
      "isDefault": false, 
      "isUndefined": false
    }
  }, 
  {
    "pk": 72, 
    "model": "progdb2.slot", 
    "fields": {
      "slotText": "2-3pm", 
      "visible": true, 
      "startText": "2pm", 
      "start": 840, 
      "length": 22, 
      "isDefault": false, 
      "isUndefined": false
    }
  }, 
  {
    "pk": 73, 
    "model": "progdb2.slot", 
    "fields": {
      "slotText": "3-4pm", 
      "visible": true, 
      "startText": "3pm", 
      "start": 900, 
      "length": 22, 
      "isDefault": false, 
      "isUndefined": false
    }
  }, 
  {
    "pk": 74, 
    "model": "progdb2.slot", 
    "fields": {
      "slotText": "4-5pm", 
      "visible": true, 
      "startText": "4pm", 
      "start": 960, 
      "length": 22, 
      "isDefault": false, 
      "isUndefined": false
    }
  }, 
  {
    "pk": 75, 
    "model": "progdb2.slot", 
    "fields": {
      "slotText": "5-6pm", 
      "visible": true, 
      "startText": "5pm", 
      "start": 1020, 
      "length": 22, 
      "isDefault": false, 
      "isUndefined": false
    }
  }, 
  {
    "pk": 76, 
    "model": "progdb2.slot", 
    "fields": {
      "slotText": "6-7pm", 
      "visible": true, 
      "startText": "6pm", 
      "start": 1080, 
      "length": 22, 
      "isDefault": false, 
      "isUndefined": false
    }
  }, 
  {
    "pk": 77, 
    "model": "progdb2.slot", 
    "fields": {
      "slotText": "7-8pm", 
      "visible": true, 
      "startText": "7pm", 
      "start": 1140, 
      "length": 22, 
      "isDefault": false, 
      "isUndefined": false
    }
  }, 
  {
    "pk": 78, 
    "model": "progdb2.slot", 
    "fields": {
      "slotText": "8-9pm", 
      "visible": true, 
      "startText": "8pm", 
      "start": 1200, 
      "length": 22, 
      "isDefault": false, 
      "isUndefined": false
    }
  }, 
  {
    "pk": 79, 
    "model": "progdb2.slot", 
    "fields": {
      "slotText": "9-10pm", 
      "visible": true, 
      "startText": "9pm", 
      "start": 1260, 
      "length": 22, 
      "isDefault": false, 
      "isUndefined": false
    }
  }, 
  {
    "pk": 80, 
    "model": "progdb2.slot", 
    "fields": {
      "slotText": "10-11pm", 
      "visible": true, 
      "startText": "10pm", 
      "start": 1320, 
      "length": 22, 
      "isDefault": false, 
      "isUndefined": false
    }
  }, 
  {
    "pk": 81, 
    "model": "progdb2.slot", 
    "fields": {
      "slotText": "11pm-Midnight", 
      "visible": true, 
      "startText": "11pm", 
      "start": 1380, 
      "length": 22, 
      "isDefault": false, 
      "isUndefined": false
    }
  }, 
  {
    "pk": 82, 
    "model": "progdb2.slot", 
    "fields": {
      "slotText": "Midnight-1am", 
      "visible": true, 
      "startText": "Midnight", 
      "start": 1440, 
      "length": 22, 
      "isDefault": false, 
      "isUndefined": false
    }
  }, 
  {
    "pk": 83, 
    "model": "progdb2.slot", 
    "fields": {
      "slotText": "1-2am", 
      "visible": true, 
      "startText": "1am", 
      "start": 1500, 
      "length": 22, 
      "isDefault": false, 
      "isUndefined": false
    }
  }, 
  {
    "pk": 84, 
    "model": "progdb2.slot", 
    "fields": {
      "slotText": "TBA", 
      "visible": false, 
      "startText": "TBA", 
      "start": 0, 
      "length": 22, 
      "isDefault": true, 
      "isUndefined": true
    }
  }, 
  {
    "pk": 8, 
    "model": "progdb2.grid", 
    "fields": {
      "slots": [
        80, 
        81, 
        82, 
        83
      ], 
      "name": "10pm-2am"
    }
  }, 
  {
    "pk": 7, 
    "model": "progdb2.grid", 
    "fields": {
      "slots": [
        76, 
        77, 
        78, 
        79
      ], 
      "name": "6-10pm"
    }
  }, 
  {
    "pk": 6, 
    "model": "progdb2.grid", 
    "fields": {
      "slots": [
        72, 
        73, 
        74, 
        75
      ], 
      "name": "2-6pm"
    }
  }, 
  {
    "pk": 5, 
    "model": "progdb2.grid", 
    "fields": {
      "slots": [
        68, 
        69, 
        70, 
        71
      ], 
      "name": "10am-2pm"
    }
  }, 
  {
    "pk": 2, 
    "model": "progdb2.gender", 
    "fields": {
      "gridOrder": 20, 
      "description": "", 
      "name": "Male", 
      "isDefault": false, 
      "isUndefined": false
    }
  }, 
  {
    "pk": 3, 
    "model": "progdb2.gender", 
    "fields": {
      "gridOrder": 30, 
      "description": "", 
      "name": "Female", 
      "isDefault": false, 
      "isUndefined": false
    }
  }, 
  {
    "pk": 1, 
    "model": "progdb2.gender", 
    "fields": {
      "gridOrder": 100, 
      "description": "", 
      "name": "TBA", 
      "isDefault": true, 
      "isUndefined": true
    }
  }, 
  {
    "pk": 13, 
    "model": "progdb2.itemkind", 
    "fields": {
      "gridOrder": 0, 
      "description": "", 
      "name": "TBA", 
      "isDefault": true, 
      "isUndefined": true
    }
  }, 
  {
    "pk": 7, 
    "model": "progdb2.itemkind", 
    "fields": {
      "gridOrder": 10, 
      "description": "Standard Panel discussion", 
      "name": "Panel", 
      "isDefault": false, 
      "isUndefined": false
    }
  }, 
  {
    "pk": 8, 
    "model": "progdb2.itemkind", 
    "fields": {
      "gridOrder": 20, 
      "description": "Someone presenting a talk or speech", 
      "name": "Talk", 
      "isDefault": false, 
      "isUndefined": false
    }
  }, 
  {
    "pk": 9, 
    "model": "progdb2.itemkind", 
    "fields": {
      "gridOrder": 30, 
      "description": "An activity that involves everyone attending", 
      "name": "Workshop", 
      "isDefault": false, 
      "isUndefined": false
    }
  }, 
  {
    "pk": 10, 
    "model": "progdb2.itemkind", 
    "fields": {
      "gridOrder": 40, 
      "description": "A physical activity", 
      "name": "Exercise", 
      "isDefault": false, 
      "isUndefined": false
    }
  }, 
  {
    "pk": 11, 
    "model": "progdb2.itemkind", 
    "fields": {
      "gridOrder": 50, 
      "description": "A item with rules and a winner", 
      "name": "Game", 
      "isDefault": false, 
      "isUndefined": false
    }
  }, 
  {
    "pk": 12, 
    "model": "progdb2.itemkind", 
    "fields": {
      "gridOrder": 200, 
      "description": "Something that doesn't fit into these categories", 
      "name": "Other", 
      "isDefault": false, 
      "isUndefined": false
    }
  }, 
  {
    "pk": 11, 
    "model": "progdb2.seatingkind", 
    "fields": {
      "gridOrder": 0, 
      "description": "", 
      "name": "TBA", 
      "isDefault": true, 
      "isUndefined": true
    }
  }, 
  {
    "pk": 6, 
    "model": "progdb2.seatingkind", 
    "fields": {
      "gridOrder": 10, 
      "description": "Chairs in rows facing the front", 
      "name": "Theatre", 
      "isDefault": false, 
      "isUndefined": false
    }
  }, 
  {
    "pk": 7, 
    "model": "progdb2.seatingkind", 
    "fields": {
      "gridOrder": 20, 
      "description": "Chairs against the walls, with the centre space empty", 
      "name": "Chairs around wall", 
      "isDefault": false, 
      "isUndefined": false
    }
  }, 
  {
    "pk": 8, 
    "model": "progdb2.seatingkind", 
    "fields": {
      "gridOrder": 30, 
      "description": "Chairs around a single table in the middle of the room", 
      "name": "Boardroom", 
      "isDefault": false, 
      "isUndefined": false
    }
  }, 
  {
    "pk": 9, 
    "model": "progdb2.seatingkind", 
    "fields": {
      "gridOrder": 40, 
      "description": "No chairs or tables", 
      "name": "Empty", 
      "isDefault": false, 
      "isUndefined": false
    }
  }, 
  {
    "pk": 10, 
    "model": "progdb2.seatingkind", 
    "fields": {
      "gridOrder": 50, 
      "description": "Chairs around circular tables", 
      "name": "Cabaret", 
      "isDefault": false, 
      "isUndefined": false
    }
  }, 
  {
    "pk": 1, 
    "model": "progdb2.frontlayoutkind", 
    "fields": {
      "gridOrder": 1, 
      "description": "Unknown layout for front of room.", 
      "name": "TBA", 
      "isDefault": false, 
      "isUndefined": true
    }
  }, 
  {
    "pk": 2, 
    "model": "progdb2.frontlayoutkind", 
    "fields": {
      "gridOrder": 10, 
      "description": "Table, chairs for panellists, microphones if necessary.", 
      "name": "Panel", 
      "isDefault": true, 
      "isUndefined": false
    }
  }, 
  {
    "pk": 11, 
    "model": "progdb2.personrole", 
    "fields": {
      "gridOrder": 0, 
      "description": "", 
      "name": "TBA", 
      "isDefault": true, 
      "isUndefined": true
    }
  }, 
  {
    "pk": 6, 
    "model": "progdb2.personrole", 
    "fields": {
      "gridOrder": 10, 
      "description": "On a panel, but not running it", 
      "name": "Panellist", 
      "isDefault": true, 
      "isUndefined": false
    }
  }, 
  {
    "pk": 7, 
    "model": "progdb2.personrole", 
    "fields": {
      "gridOrder": 20, 
      "description": "Running a panel", 
      "name": "Moderator", 
      "isDefault": false, 
      "isUndefined": false
    }
  }, 
  {
    "pk": 8, 
    "model": "progdb2.personrole", 
    "fields": {
      "gridOrder": 30, 
      "description": "Presenting a talk or lecture", 
      "name": "Speaker", 
      "isDefault": false, 
      "isUndefined": false
    }
  }, 
  {
    "pk": 9, 
    "model": "progdb2.personrole", 
    "fields": {
      "gridOrder": 40, 
      "description": "Interviewing a guest", 
      "name": "Interviewer", 
      "isDefault": false, 
      "isUndefined": false
    }
  }, 
  {
    "pk": 10, 
    "model": "progdb2.personrole", 
    "fields": {
      "gridOrder": 50, 
      "description": "Being interviewed", 
      "name": "Interviewee", 
      "isDefault": false, 
      "isUndefined": false
    }
  }, 
  {
    "pk": 5, 
    "model": "progdb2.personstatus", 
    "fields": {
      "gridOrder": 20, 
      "description": "Has been invited, not yet confirmed", 
      "name": "Invited", 
      "isDefault": false, 
      "isUndefined": false
    }
  }, 
  {
    "pk": 4, 
    "model": "progdb2.personstatus", 
    "fields": {
      "gridOrder": 10, 
      "description": "Would be good for this item, but not contacted yet", 
      "name": "Proposed", 
      "isDefault": true, 
      "isUndefined": false
    }
  }, 
  {
    "pk": 6, 
    "model": "progdb2.personstatus", 
    "fields": {
      "gridOrder": 30, 
      "description": "Has confirmed item participation", 
      "name": "Confirmed", 
      "isDefault": false, 
      "isUndefined": false
    }
  }, 
  {
    "pk": 7, 
    "model": "progdb2.personstatus", 
    "fields": {
      "gridOrder": 0, 
      "description": "", 
      "name": "TBA", 
      "isDefault": true, 
      "isUndefined": true
    }
  }, 
  {
    "pk": 1, 
    "model": "progdb2.revision", 
    "fields": {
      "colour": "black", 
      "baseline": "2012-03-01 00:00:00", 
      "description": "First draft"
    }
  }, 
  {
    "pk": 1, 
    "model": "progdb2.kitkind", 
    "fields": {
      "gridOrder": 1, 
      "description": "", 
      "name": "TBA", 
      "isDefault": true, 
      "isUndefined": true
    }
  }, 
  {
    "pk": 3, 
    "model": "progdb2.kitkind", 
    "fields": {
      "gridOrder": 1, 
      "description": "", 
      "name": "Screen", 
      "isDefault": false, 
      "isUndefined": false
    }
  }, 
  {
    "pk": 5, 
    "model": "progdb2.kitkind", 
    "fields": {
      "gridOrder": 1, 
      "description": "10", 
      "name": "Microphone", 
      "isDefault": false, 
      "isUndefined": false
    }
  }, 
  {
    "pk": 2, 
    "model": "progdb2.kitkind", 
    "fields": {
      "gridOrder": 10, 
      "description": "", 
      "name": "Projector", 
      "isDefault": false, 
      "isUndefined": false
    }
  }, 
  {
    "pk": 4, 
    "model": "progdb2.kitkind", 
    "fields": {
      "gridOrder": 10, 
      "description": "Computer-to-stereo XLR converter", 
      "name": "DI Box", 
      "isDefault": false, 
      "isUndefined": false
    }
  }, 
  {
    "pk": 6, 
    "model": "progdb2.kitkind", 
    "fields": {
      "gridOrder": 10, 
      "description": "", 
      "name": "Roving Microphone", 
      "isDefault": false, 
      "isUndefined": false
    }
  }, 
  {
    "pk": 7, 
    "model": "progdb2.kitkind", 
    "fields": {
      "gridOrder": 10, 
      "description": "", 
      "name": "Television", 
      "isDefault": false, 
      "isUndefined": false
    }
  }, 
  {
    "pk": 8, 
    "model": "progdb2.kitkind", 
    "fields": {
      "gridOrder": 10, 
      "description": "", 
      "name": "DVD player", 
      "isDefault": false, 
      "isUndefined": false
    }
  }, 
  {
    "pk": 9, 
    "model": "progdb2.kitkind", 
    "fields": {
      "gridOrder": 10, 
      "description": "Portable CD player", 
      "name": "Boom-box", 
      "isDefault": false, 
      "isUndefined": false
    }
  }, 
  {
    "pk": 10, 
    "model": "progdb2.kitkind", 
    "fields": {
      "gridOrder": 10, 
      "description": "", 
      "name": "iPod", 
      "isDefault": false, 
      "isUndefined": false
    }
  }, 
  {
    "pk": 11, 
    "model": "progdb2.kitkind", 
    "fields": {
      "gridOrder": 10, 
      "description": "", 
      "name": "Blu-Ray player", 
      "isDefault": false, 
      "isUndefined": false
    }
  }, 
  {
    "pk": 1, 
    "model": "progdb2.kitrole", 
    "fields": {
      "gridOrder": 1, 
      "description": "", 
      "name": "TBA", 
      "isDefault": true, 
      "isUndefined": true
    }
  }, 
  {
    "pk": 1, 
    "model": "progdb2.kitdepartment", 
    "fields": {
      "gridOrder": 1, 
      "description": "", 
      "name": "TBA", 
      "isDefault": false, 
      "isUndefined": true
    }
  }, 
  {
    "pk": 2, 
    "model": "progdb2.kitdepartment", 
    "fields": {
      "gridOrder": 10, 
      "description": "", 
      "name": "Tech", 
      "isDefault": true, 
      "isUndefined": false
    }
  }, 
  {
    "pk": 3, 
    "model": "progdb2.kitdepartment", 
    "fields": {
      "gridOrder": 20, 
      "description": "", 
      "name": "Green Room", 
      "isDefault": false, 
      "isUndefined": false
    }
  }, 
  {
    "pk": 4, 
    "model": "progdb2.kitdepartment", 
    "fields": {
      "gridOrder": 30, 
      "description": "", 
      "name": "Programme Ops", 
      "isDefault": false, 
      "isUndefined": false
    }
  }, 
  {
    "pk": 1, 
    "model": "progdb2.kitbasis", 
    "fields": {
      "gridOrder": 1, 
      "description": "", 
      "name": "TBA", 
      "isDefault": true, 
      "isUndefined": true
    }
  }, 
  {
    "pk": 3, 
    "model": "progdb2.kitbasis", 
    "fields": {
      "gridOrder": 1, 
      "description": "20", 
      "name": "Borrow", 
      "isDefault": false, 
      "isUndefined": false
    }
  }, 
  {
    "pk": 2, 
    "model": "progdb2.kitbasis", 
    "fields": {
      "gridOrder": 10, 
      "description": "", 
      "name": "Hire", 
      "isDefault": false, 
      "isUndefined": false
    }
  }, 
  {
    "pk": 4, 
    "model": "progdb2.kitbasis", 
    "fields": {
      "gridOrder": 30, 
      "description": "", 
      "name": "Buy", 
      "isDefault": false, 
      "isUndefined": false
    }
  }, 
  {
    "pk": 1, 
    "model": "progdb2.kitstatus", 
    "fields": {
      "gridOrder": 1, 
      "description": "", 
      "name": "TBA", 
      "isDefault": true, 
      "isUndefined": true
    }
  }, 
  {
    "pk": 2, 
    "model": "progdb2.kitstatus", 
    "fields": {
      "gridOrder": 10, 
      "description": "", 
      "name": "Awaiting Sign-off", 
      "isDefault": false, 
      "isUndefined": false
    }
  }, 
  {
    "pk": 4, 
    "model": "progdb2.kitstatus", 
    "fields": {
      "gridOrder": 15, 
      "description": "", 
      "name": "Awaiting purchase", 
      "isDefault": false, 
      "isUndefined": false
    }
  }, 
  {
    "pk": 3, 
    "model": "progdb2.kitstatus", 
    "fields": {
      "gridOrder": 30, 
      "description": "", 
      "name": "Awaiting delivery", 
      "isDefault": false, 
      "isUndefined": false
    }
  }, 
  {
    "pk": 5, 
    "model": "progdb2.kitstatus", 
    "fields": {
      "gridOrder": 40, 
      "description": "", 
      "name": "Delivered", 
      "isDefault": false, 
      "isUndefined": false
    }
  }, 
  {
    "pk": 1, 
    "model": "progdb2.mediastatus", 
    "fields": {
      "gridOrder": 1, 
      "description": "", 
      "name": "TBA", 
      "isDefault": true, 
      "isUndefined": true
    }
  }, 
  {
    "pk": 2, 
    "model": "progdb2.mediastatus", 
    "fields": {
      "gridOrder": 10, 
      "description": "", 
      "name": "No media required", 
      "isDefault": false, 
      "isUndefined": false
    }
  }, 
  {
    "pk": 3, 
    "model": "progdb2.mediastatus", 
    "fields": {
      "gridOrder": 20, 
      "description": "", 
      "name": "Media needs sending to Tech", 
      "isDefault": false, 
      "isUndefined": false
    }
  }, 
  {
    "pk": 4, 
    "model": "progdb2.mediastatus", 
    "fields": {
      "gridOrder": 30, 
      "description": "", 
      "name": "Media received by Tech", 
      "isDefault": false, 
      "isUndefined": false
    }
  }, 
  {
    "pk": 1, 
    "model": "progdb2.checkresult", 
    "fields": {
      "gridOrder": 1, 
      "description": "Check returns a list of programme items.", 
      "name": "Item List", 
      "isDefault": true, 
      "isUndefined": false
    }
  }, 
  {
    "pk": 2, 
    "model": "progdb2.checkresult", 
    "fields": {
      "gridOrder": 2, 
      "description": "Check returns a list of people.", 
      "name": "Person list", 
      "isDefault": false, 
      "isUndefined": false
    }
  }, 
  {
    "pk": 2, 
    "model": "progdb2.kitavailability", 
    "fields": {}
  }, 
  {
    "pk": 7, 
    "model": "progdb2.roomavailability", 
    "fields": {}
  }, 
  {
    "pk": 3, 
    "model": "progdb2.personavailability", 
    "fields": {}
  }, 
  {
    "pk": 4, 
    "model": "progdb2.personavailability", 
    "fields": {}
  }, 
  {
    "pk": 5, 
    "model": "progdb2.personavailability", 
    "fields": {}
  }, 
  {
    "pk": 6, 
    "model": "progdb2.personavailability", 
    "fields": {}
  }
]