[
{
  "pk": 1, 
  "model": "streampunk.conday", 
  "fields": {
    "name": "Friday", 
    "visible": true, 
    "date": "2012-04-06", 
    "order": 2, 
    "isDefault": false, 
    "isUndefined": false
  }
},
{
  "pk": 2, 
  "model": "streampunk.conday", 
  "fields": {
    "name": "Saturday", 
    "visible": true, 
    "date": "2012-04-07", 
    "order": 2, 
    "isDefault": false, 
    "isUndefined": false
  }
},
{
  "pk": 3, 
  "model": "streampunk.conday", 
  "fields": {
    "name": "Sunday", 
    "visible": true, 
    "date": "2012-04-08", 
    "order": 2, 
    "isDefault": false, 
    "isUndefined": false
  }
},
{
  "pk": 4, 
  "model": "streampunk.conday", 
  "fields": {
    "name": "Monday", 
    "visible": true, 
    "date": "2012-04-09", 
    "order": 2, 
    "isDefault": false, 
    "isUndefined": false
  }
},
{
  "pk": 5, 
  "model": "streampunk.conday", 
  "fields": {
    "name": "TBA", 
    "visible": false, 
    "date": "2012-04-09", 
    "order": 0, 
    "isDefault": true, 
    "isUndefined": true
  }
},
{
  "pk": 21, 
  "model": "streampunk.slotlength", 
  "fields": {
    "length": 30, 
    "name": "30mins", 
    "isDefault": false, 
    "isUndefined": false
  }
},
{
  "pk": 22, 
  "model": "streampunk.slotlength", 
  "fields": {
    "length": 60, 
    "name": "1 hour", 
    "isDefault": true, 
    "isUndefined": false
  }
},
{
  "pk": 23, 
  "model": "streampunk.slotlength", 
  "fields": {
    "length": 90, 
    "name": "90mins", 
    "isDefault": false, 
    "isUndefined": false
  }
},
{
  "pk": 24, 
  "model": "streampunk.slotlength", 
  "fields": {
    "length": 120, 
    "name": "2 hours", 
    "isDefault": false, 
    "isUndefined": false
  }
},
{
  "pk": 25, 
  "model": "streampunk.slotlength", 
  "fields": {
    "length": 0, 
    "name": "None", 
    "isDefault": false, 
    "isUndefined": true
  }
},
{
  "pk": 68, 
  "model": "streampunk.slot", 
  "fields": {
    "slotText": "10-11am", 
    "visible": true, 
    "order": 110, 
    "startText": "10am", 
    "start": 600, 
    "length": 22, 
    "day": 1, 
    "isDefault": false, 
    "isUndefined": false
  }
},
{
  "pk": 69, 
  "model": "streampunk.slot", 
  "fields": {
    "slotText": "11am-Noon", 
    "visible": true, 
    "order": 111, 
    "startText": "11am", 
    "start": 660, 
    "length": 22, 
    "day": 1, 
    "isDefault": false, 
    "isUndefined": false
  }
},
{
  "pk": 70, 
  "model": "streampunk.slot", 
  "fields": {
    "slotText": "Noon-1pm", 
    "visible": true, 
    "order": 112, 
    "startText": "Noon", 
    "start": 720, 
    "length": 22, 
    "day": 1, 
    "isDefault": false, 
    "isUndefined": false
  }
},
{
  "pk": 71, 
  "model": "streampunk.slot", 
  "fields": {
    "slotText": "1-2pm", 
    "visible": true, 
    "order": 113, 
    "startText": "1pm", 
    "start": 780, 
    "length": 22, 
    "day": 1, 
    "isDefault": false, 
    "isUndefined": false
  }
},
{
  "pk": 72, 
  "model": "streampunk.slot", 
  "fields": {
    "slotText": "2-3pm", 
    "visible": true, 
    "order": 114, 
    "startText": "2pm", 
    "start": 840, 
    "length": 22, 
    "day": 1, 
    "isDefault": false, 
    "isUndefined": false
  }
},
{
  "pk": 73, 
  "model": "streampunk.slot", 
  "fields": {
    "slotText": "3-4pm", 
    "visible": true, 
    "order": 115, 
    "startText": "3pm", 
    "start": 900, 
    "length": 22, 
    "day": 1, 
    "isDefault": false, 
    "isUndefined": false
  }
},
{
  "pk": 74, 
  "model": "streampunk.slot", 
  "fields": {
    "slotText": "4-5pm", 
    "visible": true, 
    "order": 116, 
    "startText": "4pm", 
    "start": 960, 
    "length": 22, 
    "day": 1, 
    "isDefault": false, 
    "isUndefined": false
  }
},
{
  "pk": 75, 
  "model": "streampunk.slot", 
  "fields": {
    "slotText": "5-6pm", 
    "visible": true, 
    "order": 117, 
    "startText": "5pm", 
    "start": 1020, 
    "length": 22, 
    "day": 1, 
    "isDefault": false, 
    "isUndefined": false
  }
},
{
  "pk": 76, 
  "model": "streampunk.slot", 
  "fields": {
    "slotText": "6-7pm", 
    "visible": true, 
    "order": 118, 
    "startText": "6pm", 
    "start": 1080, 
    "length": 22, 
    "day": 1, 
    "isDefault": false, 
    "isUndefined": false
  }
},
{
  "pk": 77, 
  "model": "streampunk.slot", 
  "fields": {
    "slotText": "7-8pm", 
    "visible": true, 
    "order": 119, 
    "startText": "7pm", 
    "start": 1140, 
    "length": 22, 
    "day": 1, 
    "isDefault": false, 
    "isUndefined": false
  }
},
{
  "pk": 78, 
  "model": "streampunk.slot", 
  "fields": {
    "slotText": "8-9pm", 
    "visible": true, 
    "order": 120, 
    "startText": "8pm", 
    "start": 1200, 
    "length": 22, 
    "day": 1, 
    "isDefault": false, 
    "isUndefined": false
  }
},
{
  "pk": 79, 
  "model": "streampunk.slot", 
  "fields": {
    "slotText": "9-10pm", 
    "visible": true, 
    "order": 121, 
    "startText": "9pm", 
    "start": 1260, 
    "length": 22, 
    "day": 1, 
    "isDefault": false, 
    "isUndefined": false
  }
},
{
  "pk": 80, 
  "model": "streampunk.slot", 
  "fields": {
    "slotText": "10-11pm", 
    "visible": true, 
    "order": 122, 
    "startText": "10pm", 
    "start": 1320, 
    "length": 22, 
    "day": 1, 
    "isDefault": false, 
    "isUndefined": false
  }
},
{
  "pk": 81, 
  "model": "streampunk.slot", 
  "fields": {
    "slotText": "11pm-Midnight", 
    "visible": true, 
    "order": 123, 
    "startText": "11pm", 
    "start": 1380, 
    "length": 22, 
    "day": 1, 
    "isDefault": false, 
    "isUndefined": false
  }
},
{
  "pk": 82, 
  "model": "streampunk.slot", 
  "fields": {
    "slotText": "Midnight-1am", 
    "visible": true, 
    "order": 124, 
    "startText": "Midnight", 
    "start": 1440, 
    "length": 22, 
    "day": 1, 
    "isDefault": false, 
    "isUndefined": false
  }
},
{
  "pk": 83, 
  "model": "streampunk.slot", 
  "fields": {
    "slotText": "1-2am", 
    "visible": true, 
    "order": 125, 
    "startText": "1am", 
    "start": 1500, 
    "length": 22, 
    "day": 1, 
    "isDefault": false, 
    "isUndefined": false
  }
},
{
  "pk": 84, 
  "model": "streampunk.slot", 
  "fields": {
    "slotText": "TBA", 
    "visible": false, 
    "order": 0, 
    "startText": "TBA", 
    "start": 0, 
    "length": 22, 
    "day": 5, 
    "isDefault": true, 
    "isUndefined": true
  }
},
{
  "pk": 85, 
  "model": "streampunk.slot", 
  "fields": {
    "slotText": "10-11am", 
    "visible": true, 
    "order": 210, 
    "startText": "10am", 
    "start": 600, 
    "length": 22, 
    "day": 2, 
    "isDefault": false, 
    "isUndefined": false
  }
},
{
  "pk": 86, 
  "model": "streampunk.slot", 
  "fields": {
    "slotText": "11am-Noon", 
    "visible": true, 
    "order": 211, 
    "startText": "11am", 
    "start": 660, 
    "length": 22, 
    "day": 2, 
    "isDefault": false, 
    "isUndefined": false
  }
},
{
  "pk": 87, 
  "model": "streampunk.slot", 
  "fields": {
    "slotText": "Noon-1pm", 
    "visible": true, 
    "order": 212, 
    "startText": "Noon", 
    "start": 720, 
    "length": 22, 
    "day": 2, 
    "isDefault": false, 
    "isUndefined": false
  }
},
{
  "pk": 88, 
  "model": "streampunk.slot", 
  "fields": {
    "slotText": "1-2pm", 
    "visible": true, 
    "order": 213, 
    "startText": "1pm", 
    "start": 780, 
    "length": 22, 
    "day": 2, 
    "isDefault": false, 
    "isUndefined": false
  }
},
{
  "pk": 89, 
  "model": "streampunk.slot", 
  "fields": {
    "slotText": "2-3pm", 
    "visible": true, 
    "order": 214, 
    "startText": "2pm", 
    "start": 840, 
    "length": 22, 
    "day": 2, 
    "isDefault": false, 
    "isUndefined": false
  }
},
{
  "pk": 90, 
  "model": "streampunk.slot", 
  "fields": {
    "slotText": "3-4pm", 
    "visible": true, 
    "order": 215, 
    "startText": "3pm", 
    "start": 900, 
    "length": 22, 
    "day": 2, 
    "isDefault": false, 
    "isUndefined": false
  }
},
{
  "pk": 91, 
  "model": "streampunk.slot", 
  "fields": {
    "slotText": "4-5pm", 
    "visible": true, 
    "order": 216, 
    "startText": "4pm", 
    "start": 960, 
    "length": 22, 
    "day": 2, 
    "isDefault": false, 
    "isUndefined": false
  }
},
{
  "pk": 92, 
  "model": "streampunk.slot", 
  "fields": {
    "slotText": "5-6pm", 
    "visible": true, 
    "order": 217, 
    "startText": "5pm", 
    "start": 1020, 
    "length": 22, 
    "day": 2, 
    "isDefault": false, 
    "isUndefined": false
  }
},
{
  "pk": 93, 
  "model": "streampunk.slot", 
  "fields": {
    "slotText": "6-7pm", 
    "visible": true, 
    "order": 218, 
    "startText": "6pm", 
    "start": 1080, 
    "length": 22, 
    "day": 2, 
    "isDefault": false, 
    "isUndefined": false
  }
},
{
  "pk": 94, 
  "model": "streampunk.slot", 
  "fields": {
    "slotText": "7-8pm", 
    "visible": true, 
    "order": 219, 
    "startText": "7pm", 
    "start": 1140, 
    "length": 22, 
    "day": 2, 
    "isDefault": false, 
    "isUndefined": false
  }
},
{
  "pk": 95, 
  "model": "streampunk.slot", 
  "fields": {
    "slotText": "8-9pm", 
    "visible": true, 
    "order": 220, 
    "startText": "8pm", 
    "start": 1200, 
    "length": 22, 
    "day": 2, 
    "isDefault": false, 
    "isUndefined": false
  }
},
{
  "pk": 96, 
  "model": "streampunk.slot", 
  "fields": {
    "slotText": "9-10pm", 
    "visible": true, 
    "order": 221, 
    "startText": "9pm", 
    "start": 1260, 
    "length": 22, 
    "day": 2, 
    "isDefault": false, 
    "isUndefined": false
  }
},
{
  "pk": 97, 
  "model": "streampunk.slot", 
  "fields": {
    "slotText": "10-11pm", 
    "visible": true, 
    "order": 222, 
    "startText": "10pm", 
    "start": 1320, 
    "length": 22, 
    "day": 2, 
    "isDefault": false, 
    "isUndefined": false
  }
},
{
  "pk": 98, 
  "model": "streampunk.slot", 
  "fields": {
    "slotText": "11pm-Midnight", 
    "visible": true, 
    "order": 223, 
    "startText": "11pm", 
    "start": 1380, 
    "length": 22, 
    "day": 2, 
    "isDefault": false, 
    "isUndefined": false
  }
},
{
  "pk": 99, 
  "model": "streampunk.slot", 
  "fields": {
    "slotText": "Midnight-1am", 
    "visible": true, 
    "order": 224, 
    "startText": "Midnight", 
    "start": 1440, 
    "length": 22, 
    "day": 2, 
    "isDefault": false, 
    "isUndefined": false
  }
},
{
  "pk": 100, 
  "model": "streampunk.slot", 
  "fields": {
    "slotText": "1-2am", 
    "visible": true, 
    "order": 225, 
    "startText": "1am", 
    "start": 1500, 
    "length": 22, 
    "day": 2, 
    "isDefault": false, 
    "isUndefined": false
  }
},
{
  "pk": 101, 
  "model": "streampunk.slot", 
  "fields": {
    "slotText": "10-11am", 
    "visible": true, 
    "order": 310, 
    "startText": "10am", 
    "start": 600, 
    "length": 22, 
    "day": 3, 
    "isDefault": false, 
    "isUndefined": false
  }
},
{
  "pk": 102, 
  "model": "streampunk.slot", 
  "fields": {
    "slotText": "11am-Noon", 
    "visible": true, 
    "order": 311, 
    "startText": "11am", 
    "start": 660, 
    "length": 22, 
    "day": 3, 
    "isDefault": false, 
    "isUndefined": false
  }
},
{
  "pk": 103, 
  "model": "streampunk.slot", 
  "fields": {
    "slotText": "Noon-1pm", 
    "visible": true, 
    "order": 312, 
    "startText": "Noon", 
    "start": 720, 
    "length": 22, 
    "day": 3, 
    "isDefault": false, 
    "isUndefined": false
  }
},
{
  "pk": 104, 
  "model": "streampunk.slot", 
  "fields": {
    "slotText": "1-2pm", 
    "visible": true, 
    "order": 313, 
    "startText": "1pm", 
    "start": 780, 
    "length": 22, 
    "day": 3, 
    "isDefault": false, 
    "isUndefined": false
  }
},
{
  "pk": 105, 
  "model": "streampunk.slot", 
  "fields": {
    "slotText": "2-3pm", 
    "visible": true, 
    "order": 314, 
    "startText": "2pm", 
    "start": 840, 
    "length": 22, 
    "day": 3, 
    "isDefault": false, 
    "isUndefined": false
  }
},
{
  "pk": 106, 
  "model": "streampunk.slot", 
  "fields": {
    "slotText": "3-4pm", 
    "visible": true, 
    "order": 315, 
    "startText": "3pm", 
    "start": 900, 
    "length": 22, 
    "day": 3, 
    "isDefault": false, 
    "isUndefined": false
  }
},
{
  "pk": 107, 
  "model": "streampunk.slot", 
  "fields": {
    "slotText": "4-5pm", 
    "visible": true, 
    "order": 316, 
    "startText": "4pm", 
    "start": 960, 
    "length": 22, 
    "day": 3, 
    "isDefault": false, 
    "isUndefined": false
  }
},
{
  "pk": 108, 
  "model": "streampunk.slot", 
  "fields": {
    "slotText": "5-6pm", 
    "visible": true, 
    "order": 317, 
    "startText": "5pm", 
    "start": 1020, 
    "length": 22, 
    "day": 3, 
    "isDefault": false, 
    "isUndefined": false
  }
},
{
  "pk": 109, 
  "model": "streampunk.slot", 
  "fields": {
    "slotText": "6-7pm", 
    "visible": true, 
    "order": 318, 
    "startText": "6pm", 
    "start": 1080, 
    "length": 22, 
    "day": 3, 
    "isDefault": false, 
    "isUndefined": false
  }
},
{
  "pk": 110, 
  "model": "streampunk.slot", 
  "fields": {
    "slotText": "7-8pm", 
    "visible": true, 
    "order": 319, 
    "startText": "7pm", 
    "start": 1140, 
    "length": 22, 
    "day": 3, 
    "isDefault": false, 
    "isUndefined": false
  }
},
{
  "pk": 111, 
  "model": "streampunk.slot", 
  "fields": {
    "slotText": "8-9pm", 
    "visible": true, 
    "order": 320, 
    "startText": "8pm", 
    "start": 1200, 
    "length": 22, 
    "day": 3, 
    "isDefault": false, 
    "isUndefined": false
  }
},
{
  "pk": 112, 
  "model": "streampunk.slot", 
  "fields": {
    "slotText": "9-10pm", 
    "visible": true, 
    "order": 321, 
    "startText": "9pm", 
    "start": 1260, 
    "length": 22, 
    "day": 3, 
    "isDefault": false, 
    "isUndefined": false
  }
},
{
  "pk": 113, 
  "model": "streampunk.slot", 
  "fields": {
    "slotText": "10-11pm", 
    "visible": true, 
    "order": 322, 
    "startText": "10pm", 
    "start": 1320, 
    "length": 22, 
    "day": 3, 
    "isDefault": false, 
    "isUndefined": false
  }
},
{
  "pk": 114, 
  "model": "streampunk.slot", 
  "fields": {
    "slotText": "11pm-Midnight", 
    "visible": true, 
    "order": 323, 
    "startText": "11pm", 
    "start": 1380, 
    "length": 22, 
    "day": 3, 
    "isDefault": false, 
    "isUndefined": false
  }
},
{
  "pk": 115, 
  "model": "streampunk.slot", 
  "fields": {
    "slotText": "Midnight-1am", 
    "visible": true, 
    "order": 324, 
    "startText": "Midnight", 
    "start": 1440, 
    "length": 22, 
    "day": 3, 
    "isDefault": false, 
    "isUndefined": false
  }
},
{
  "pk": 116, 
  "model": "streampunk.slot", 
  "fields": {
    "slotText": "1-2am", 
    "visible": true, 
    "order": 325, 
    "startText": "1am", 
    "start": 1500, 
    "length": 22, 
    "day": 3, 
    "isDefault": false, 
    "isUndefined": false
  }
},
{
  "pk": 117, 
  "model": "streampunk.slot", 
  "fields": {
    "slotText": "10-11am", 
    "visible": true, 
    "order": 410, 
    "startText": "10am", 
    "start": 600, 
    "length": 22, 
    "day": 4, 
    "isDefault": false, 
    "isUndefined": false
  }
},
{
  "pk": 118, 
  "model": "streampunk.slot", 
  "fields": {
    "slotText": "11am-Noon", 
    "visible": true, 
    "order": 411, 
    "startText": "11am", 
    "start": 660, 
    "length": 22, 
    "day": 4, 
    "isDefault": false, 
    "isUndefined": false
  }
},
{
  "pk": 119, 
  "model": "streampunk.slot", 
  "fields": {
    "slotText": "Noon-1pm", 
    "visible": true, 
    "order": 412, 
    "startText": "Noon", 
    "start": 720, 
    "length": 22, 
    "day": 4, 
    "isDefault": false, 
    "isUndefined": false
  }
},
{
  "pk": 120, 
  "model": "streampunk.slot", 
  "fields": {
    "slotText": "1-2pm", 
    "visible": true, 
    "order": 413, 
    "startText": "1pm", 
    "start": 780, 
    "length": 22, 
    "day": 4, 
    "isDefault": false, 
    "isUndefined": false
  }
},
{
  "pk": 121, 
  "model": "streampunk.slot", 
  "fields": {
    "slotText": "2-3pm", 
    "visible": true, 
    "order": 414, 
    "startText": "2pm", 
    "start": 840, 
    "length": 22, 
    "day": 4, 
    "isDefault": false, 
    "isUndefined": false
  }
},
{
  "pk": 122, 
  "model": "streampunk.slot", 
  "fields": {
    "slotText": "3-4pm", 
    "visible": true, 
    "order": 415, 
    "startText": "3pm", 
    "start": 900, 
    "length": 22, 
    "day": 4, 
    "isDefault": false, 
    "isUndefined": false
  }
},
{
  "pk": 123, 
  "model": "streampunk.slot", 
  "fields": {
    "slotText": "4-5pm", 
    "visible": true, 
    "order": 416, 
    "startText": "4pm", 
    "start": 960, 
    "length": 22, 
    "day": 4, 
    "isDefault": false, 
    "isUndefined": false
  }
},
{
  "pk": 124, 
  "model": "streampunk.slot", 
  "fields": {
    "slotText": "5-6pm", 
    "visible": true, 
    "order": 417, 
    "startText": "5pm", 
    "start": 1020, 
    "length": 22, 
    "day": 4, 
    "isDefault": false, 
    "isUndefined": false
  }
},
{
  "pk": 125, 
  "model": "streampunk.slot", 
  "fields": {
    "slotText": "6-7pm", 
    "visible": true, 
    "order": 418, 
    "startText": "6pm", 
    "start": 1080, 
    "length": 22, 
    "day": 4, 
    "isDefault": false, 
    "isUndefined": false
  }
},
{
  "pk": 126, 
  "model": "streampunk.slot", 
  "fields": {
    "slotText": "7-8pm", 
    "visible": true, 
    "order": 419, 
    "startText": "7pm", 
    "start": 1140, 
    "length": 22, 
    "day": 4, 
    "isDefault": false, 
    "isUndefined": false
  }
},
{
  "pk": 127, 
  "model": "streampunk.slot", 
  "fields": {
    "slotText": "8-9pm", 
    "visible": true, 
    "order": 420, 
    "startText": "8pm", 
    "start": 1200, 
    "length": 22, 
    "day": 4, 
    "isDefault": false, 
    "isUndefined": false
  }
},
{
  "pk": 128, 
  "model": "streampunk.slot", 
  "fields": {
    "slotText": "9-10pm", 
    "visible": true, 
    "order": 421, 
    "startText": "9pm", 
    "start": 1260, 
    "length": 22, 
    "day": 4, 
    "isDefault": false, 
    "isUndefined": false
  }
},
{
  "pk": 129, 
  "model": "streampunk.slot", 
  "fields": {
    "slotText": "10-11pm", 
    "visible": true, 
    "order": 422, 
    "startText": "10pm", 
    "start": 1320, 
    "length": 22, 
    "day": 4, 
    "isDefault": false, 
    "isUndefined": false
  }
},
{
  "pk": 130, 
  "model": "streampunk.slot", 
  "fields": {
    "slotText": "11pm-Midnight", 
    "visible": true, 
    "order": 423, 
    "startText": "11pm", 
    "start": 1380, 
    "length": 22, 
    "day": 4, 
    "isDefault": false, 
    "isUndefined": false
  }
},
{
  "pk": 131, 
  "model": "streampunk.slot", 
  "fields": {
    "slotText": "Midnight-1am", 
    "visible": true, 
    "order": 424, 
    "startText": "Midnight", 
    "start": 1440, 
    "length": 22, 
    "day": 4, 
    "isDefault": false, 
    "isUndefined": false
  }
},
{
  "pk": 132, 
  "model": "streampunk.slot", 
  "fields": {
    "slotText": "1-2am", 
    "visible": true, 
    "order": 425, 
    "startText": "1am", 
    "start": 1500, 
    "length": 22, 
    "day": 4, 
    "isDefault": false, 
    "isUndefined": false
  }
},
{
  "pk": 5, 
  "model": "streampunk.grid", 
  "fields": {
    "gridOrder": 1, 
    "slots": [
      68, 
      69, 
      70, 
      71
    ], 
    "name": "Friday 10am-2pm"
  }
},
{
  "pk": 6, 
  "model": "streampunk.grid", 
  "fields": {
    "gridOrder": 2, 
    "slots": [
      72, 
      73, 
      74, 
      75
    ], 
    "name": "Friday 2-6pm"
  }
},
{
  "pk": 7, 
  "model": "streampunk.grid", 
  "fields": {
    "gridOrder": 3, 
    "slots": [
      76, 
      77, 
      78, 
      79
    ], 
    "name": "Friday 6-10pm"
  }
},
{
  "pk": 8, 
  "model": "streampunk.grid", 
  "fields": {
    "gridOrder": 4, 
    "slots": [
      80, 
      81, 
      82, 
      83
    ], 
    "name": "Friday 10pm-2am"
  }
},
{
  "pk": 9, 
  "model": "streampunk.grid", 
  "fields": {
    "gridOrder": 5, 
    "slots": [
      85, 
      86, 
      87, 
      88
    ], 
    "name": "Saturday 10am-2pm"
  }
},
{
  "pk": 10, 
  "model": "streampunk.grid", 
  "fields": {
    "gridOrder": 6, 
    "slots": [
      89, 
      90, 
      91, 
      92
    ], 
    "name": "Saturday 2-6pm"
  }
},
{
  "pk": 11, 
  "model": "streampunk.grid", 
  "fields": {
    "gridOrder": 7, 
    "slots": [
      93, 
      94, 
      95, 
      96
    ], 
    "name": "Saturday 6-10pm"
  }
},
{
  "pk": 12, 
  "model": "streampunk.grid", 
  "fields": {
    "gridOrder": 8, 
    "slots": [
      97, 
      98, 
      99, 
      100
    ], 
    "name": "Saturday 10pm-2am"
  }
},
{
  "pk": 13, 
  "model": "streampunk.grid", 
  "fields": {
    "gridOrder": 9, 
    "slots": [
      101, 
      102, 
      103, 
      104
    ], 
    "name": "Sunday 10am-2pm"
  }
},
{
  "pk": 14, 
  "model": "streampunk.grid", 
  "fields": {
    "gridOrder": 10, 
    "slots": [
      105, 
      106, 
      107, 
      108
    ], 
    "name": "Sunday 2-6pm"
  }
},
{
  "pk": 15, 
  "model": "streampunk.grid", 
  "fields": {
    "gridOrder": 11, 
    "slots": [
      109, 
      110, 
      111, 
      112
    ], 
    "name": "Sunday 6-10pm"
  }
},
{
  "pk": 16, 
  "model": "streampunk.grid", 
  "fields": {
    "gridOrder": 12, 
    "slots": [
      113, 
      114, 
      115, 
      116
    ], 
    "name": "Sunday 10pm-2am"
  }
},
{
  "pk": 17, 
  "model": "streampunk.grid", 
  "fields": {
    "gridOrder": 13, 
    "slots": [
      117, 
      118, 
      119, 
      120
    ], 
    "name": "Monday 10am-2pm"
  }
},
{
  "pk": 18, 
  "model": "streampunk.grid", 
  "fields": {
    "gridOrder": 14, 
    "slots": [
      121, 
      122, 
      123, 
      124
    ], 
    "name": "Monday 2-6pm"
  }
},
{
  "pk": 19, 
  "model": "streampunk.grid", 
  "fields": {
    "gridOrder": 15, 
    "slots": [
      125, 
      126, 
      127, 
      128
    ], 
    "name": "Monday 6-10pm"
  }
},
{
  "pk": 20, 
  "model": "streampunk.grid", 
  "fields": {
    "gridOrder": 16, 
    "slots": [
      129, 
      130, 
      131, 
      132
    ], 
    "name": "Monday 10pm-2am"
  }
},
{
  "pk": 1, 
  "model": "streampunk.gender", 
  "fields": {
    "gridOrder": 100, 
    "description": "", 
    "name": "TBA", 
    "isDefault": true, 
    "isUndefined": true
  }
},
{
  "pk": 2, 
  "model": "streampunk.gender", 
  "fields": {
    "gridOrder": 20, 
    "description": "", 
    "name": "Male", 
    "isDefault": false, 
    "isUndefined": false
  }
},
{
  "pk": 3, 
  "model": "streampunk.gender", 
  "fields": {
    "gridOrder": 30, 
    "description": "", 
    "name": "Female", 
    "isDefault": false, 
    "isUndefined": false
  }
},
{
  "pk": 7, 
  "model": "streampunk.itemkind", 
  "fields": {
    "gridOrder": 10, 
    "description": "Standard Panel discussion", 
    "name": "Panel", 
    "isDefault": false, 
    "isUndefined": false
  }
},
{
  "pk": 8, 
  "model": "streampunk.itemkind", 
  "fields": {
    "gridOrder": 20, 
    "description": "Someone presenting a talk or speech", 
    "name": "Talk", 
    "isDefault": false, 
    "isUndefined": false
  }
},
{
  "pk": 9, 
  "model": "streampunk.itemkind", 
  "fields": {
    "gridOrder": 30, 
    "description": "An activity that involves everyone attending", 
    "name": "Workshop", 
    "isDefault": false, 
    "isUndefined": false
  }
},
{
  "pk": 10, 
  "model": "streampunk.itemkind", 
  "fields": {
    "gridOrder": 40, 
    "description": "A physical activity", 
    "name": "Exercise", 
    "isDefault": false, 
    "isUndefined": false
  }
},
{
  "pk": 11, 
  "model": "streampunk.itemkind", 
  "fields": {
    "gridOrder": 50, 
    "description": "A item with rules and a winner", 
    "name": "Game", 
    "isDefault": false, 
    "isUndefined": false
  }
},
{
  "pk": 12, 
  "model": "streampunk.itemkind", 
  "fields": {
    "gridOrder": 200, 
    "description": "Something that doesn't fit into these categories", 
    "name": "Other", 
    "isDefault": false, 
    "isUndefined": false
  }
},
{
  "pk": 13, 
  "model": "streampunk.itemkind", 
  "fields": {
    "gridOrder": 0, 
    "description": "", 
    "name": "TBA", 
    "isDefault": true, 
    "isUndefined": true
  }
},
{
  "pk": 6, 
  "model": "streampunk.seatingkind", 
  "fields": {
    "gridOrder": 10, 
    "description": "Chairs in rows facing the front", 
    "name": "Theatre", 
    "isDefault": false, 
    "isUndefined": false
  }
},
{
  "pk": 7, 
  "model": "streampunk.seatingkind", 
  "fields": {
    "gridOrder": 20, 
    "description": "Chairs against the walls, with the centre space empty", 
    "name": "Chairs around wall", 
    "isDefault": false, 
    "isUndefined": false
  }
},
{
  "pk": 8, 
  "model": "streampunk.seatingkind", 
  "fields": {
    "gridOrder": 30, 
    "description": "Chairs around a single table in the middle of the room", 
    "name": "Boardroom", 
    "isDefault": false, 
    "isUndefined": false
  }
},
{
  "pk": 9, 
  "model": "streampunk.seatingkind", 
  "fields": {
    "gridOrder": 40, 
    "description": "No chairs or tables", 
    "name": "Empty", 
    "isDefault": false, 
    "isUndefined": false
  }
},
{
  "pk": 10, 
  "model": "streampunk.seatingkind", 
  "fields": {
    "gridOrder": 50, 
    "description": "Chairs around circular tables", 
    "name": "Cabaret", 
    "isDefault": false, 
    "isUndefined": false
  }
},
{
  "pk": 11, 
  "model": "streampunk.seatingkind", 
  "fields": {
    "gridOrder": 0, 
    "description": "", 
    "name": "TBA", 
    "isDefault": true, 
    "isUndefined": true
  }
},
{
  "pk": 1, 
  "model": "streampunk.frontlayoutkind", 
  "fields": {
    "gridOrder": 1, 
    "description": "Unknown layout for front of room.", 
    "name": "TBA", 
    "isDefault": false, 
    "isUndefined": true
  }
},
{
  "pk": 2, 
  "model": "streampunk.frontlayoutkind", 
  "fields": {
    "gridOrder": 10, 
    "description": "Table, chairs for panellists, microphones if necessary.", 
    "name": "Panel", 
    "isDefault": true, 
    "isUndefined": false
  }
},
{
  "pk": 6, 
  "model": "streampunk.personrole", 
  "fields": {
    "gridOrder": 10, 
    "description": "On a panel, but not running it", 
    "name": "Panellist", 
    "isDefault": true, 
    "isUndefined": false
  }
},
{
  "pk": 7, 
  "model": "streampunk.personrole", 
  "fields": {
    "gridOrder": 20, 
    "description": "Running a panel", 
    "name": "Moderator", 
    "isDefault": false, 
    "isUndefined": false
  }
},
{
  "pk": 8, 
  "model": "streampunk.personrole", 
  "fields": {
    "gridOrder": 30, 
    "description": "Presenting a talk or lecture", 
    "name": "Speaker", 
    "isDefault": false, 
    "isUndefined": false
  }
},
{
  "pk": 9, 
  "model": "streampunk.personrole", 
  "fields": {
    "gridOrder": 40, 
    "description": "Interviewing a guest", 
    "name": "Interviewer", 
    "isDefault": false, 
    "isUndefined": false
  }
},
{
  "pk": 10, 
  "model": "streampunk.personrole", 
  "fields": {
    "gridOrder": 50, 
    "description": "Being interviewed", 
    "name": "Interviewee", 
    "isDefault": false, 
    "isUndefined": false
  }
},
{
  "pk": 11, 
  "model": "streampunk.personrole", 
  "fields": {
    "gridOrder": 0, 
    "description": "", 
    "name": "TBA", 
    "isDefault": false, 
    "isUndefined": true
  }
},
{
  "pk": 4, 
  "model": "streampunk.personstatus", 
  "fields": {
    "gridOrder": 10, 
    "description": "Would be good for this item, but not contacted yet", 
    "name": "Proposed", 
    "isDefault": true, 
    "isUndefined": false
  }
},
{
  "pk": 5, 
  "model": "streampunk.personstatus", 
  "fields": {
    "gridOrder": 20, 
    "description": "Has been invited, not yet confirmed", 
    "name": "Invited", 
    "isDefault": false, 
    "isUndefined": false
  }
},
{
  "pk": 6, 
  "model": "streampunk.personstatus", 
  "fields": {
    "gridOrder": 30, 
    "description": "Has confirmed item participation", 
    "name": "Confirmed", 
    "isDefault": false, 
    "isUndefined": false
  }
},
{
  "pk": 7, 
  "model": "streampunk.personstatus", 
  "fields": {
    "gridOrder": 0, 
    "description": "", 
    "name": "TBA", 
    "isDefault": false, 
    "isUndefined": true
  }
},
{
  "pk": 1, 
  "model": "streampunk.revision", 
  "fields": {
    "colour": "black", 
    "baseline": "2012-03-01T00:00:00Z", 
    "description": "First draft"
  }
},
{
  "pk": 1, 
  "model": "streampunk.kitkind", 
  "fields": {
    "gridOrder": 1, 
    "description": "", 
    "name": "TBA", 
    "isDefault": true, 
    "isUndefined": true
  }
},
{
  "pk": 2, 
  "model": "streampunk.kitkind", 
  "fields": {
    "gridOrder": 10, 
    "description": "", 
    "name": "Projector", 
    "isDefault": false, 
    "isUndefined": false
  }
},
{
  "pk": 3, 
  "model": "streampunk.kitkind", 
  "fields": {
    "gridOrder": 1, 
    "description": "", 
    "name": "Screen", 
    "isDefault": false, 
    "isUndefined": false
  }
},
{
  "pk": 4, 
  "model": "streampunk.kitkind", 
  "fields": {
    "gridOrder": 10, 
    "description": "Computer-to-stereo XLR converter", 
    "name": "DI Box", 
    "isDefault": false, 
    "isUndefined": false
  }
},
{
  "pk": 5, 
  "model": "streampunk.kitkind", 
  "fields": {
    "gridOrder": 1, 
    "description": "10", 
    "name": "Microphone", 
    "isDefault": false, 
    "isUndefined": false
  }
},
{
  "pk": 6, 
  "model": "streampunk.kitkind", 
  "fields": {
    "gridOrder": 10, 
    "description": "", 
    "name": "Roving Microphone", 
    "isDefault": false, 
    "isUndefined": false
  }
},
{
  "pk": 7, 
  "model": "streampunk.kitkind", 
  "fields": {
    "gridOrder": 10, 
    "description": "", 
    "name": "Television", 
    "isDefault": false, 
    "isUndefined": false
  }
},
{
  "pk": 8, 
  "model": "streampunk.kitkind", 
  "fields": {
    "gridOrder": 10, 
    "description": "", 
    "name": "DVD player", 
    "isDefault": false, 
    "isUndefined": false
  }
},
{
  "pk": 9, 
  "model": "streampunk.kitkind", 
  "fields": {
    "gridOrder": 10, 
    "description": "Portable CD player", 
    "name": "Boom-box", 
    "isDefault": false, 
    "isUndefined": false
  }
},
{
  "pk": 10, 
  "model": "streampunk.kitkind", 
  "fields": {
    "gridOrder": 10, 
    "description": "", 
    "name": "iPod", 
    "isDefault": false, 
    "isUndefined": false
  }
},
{
  "pk": 11, 
  "model": "streampunk.kitkind", 
  "fields": {
    "gridOrder": 10, 
    "description": "", 
    "name": "Blu-Ray player", 
    "isDefault": false, 
    "isUndefined": false
  }
},
{
  "pk": 1, 
  "model": "streampunk.kitrole", 
  "fields": {
    "gridOrder": 1, 
    "description": "", 
    "name": "TBA", 
    "isDefault": true, 
    "isUndefined": true
  }
},
{
  "pk": 1, 
  "model": "streampunk.kitdepartment", 
  "fields": {
    "gridOrder": 1, 
    "description": "", 
    "name": "TBA", 
    "isDefault": false, 
    "isUndefined": true
  }
},
{
  "pk": 2, 
  "model": "streampunk.kitdepartment", 
  "fields": {
    "gridOrder": 10, 
    "description": "", 
    "name": "Tech", 
    "isDefault": true, 
    "isUndefined": false
  }
},
{
  "pk": 3, 
  "model": "streampunk.kitdepartment", 
  "fields": {
    "gridOrder": 20, 
    "description": "", 
    "name": "Green Room", 
    "isDefault": false, 
    "isUndefined": false
  }
},
{
  "pk": 4, 
  "model": "streampunk.kitdepartment", 
  "fields": {
    "gridOrder": 30, 
    "description": "", 
    "name": "Programme Ops", 
    "isDefault": false, 
    "isUndefined": false
  }
},
{
  "pk": 1, 
  "model": "streampunk.kitsource", 
  "fields": {
    "gridOrder": 1, 
    "description": "", 
    "name": "TBA", 
    "isDefault": true, 
    "isUndefined": true
  }
},
{
  "pk": 1, 
  "model": "streampunk.kitbasis", 
  "fields": {
    "gridOrder": 1, 
    "description": "", 
    "name": "TBA", 
    "isDefault": true, 
    "isUndefined": true
  }
},
{
  "pk": 2, 
  "model": "streampunk.kitbasis", 
  "fields": {
    "gridOrder": 10, 
    "description": "", 
    "name": "Hire", 
    "isDefault": false, 
    "isUndefined": false
  }
},
{
  "pk": 3, 
  "model": "streampunk.kitbasis", 
  "fields": {
    "gridOrder": 1, 
    "description": "20", 
    "name": "Borrow", 
    "isDefault": false, 
    "isUndefined": false
  }
},
{
  "pk": 4, 
  "model": "streampunk.kitbasis", 
  "fields": {
    "gridOrder": 30, 
    "description": "", 
    "name": "Buy", 
    "isDefault": false, 
    "isUndefined": false
  }
},
{
  "pk": 1, 
  "model": "streampunk.kitstatus", 
  "fields": {
    "gridOrder": 1, 
    "description": "", 
    "name": "TBA", 
    "isDefault": true, 
    "isUndefined": true
  }
},
{
  "pk": 2, 
  "model": "streampunk.kitstatus", 
  "fields": {
    "gridOrder": 10, 
    "description": "", 
    "name": "Awaiting Sign-off", 
    "isDefault": false, 
    "isUndefined": false
  }
},
{
  "pk": 3, 
  "model": "streampunk.kitstatus", 
  "fields": {
    "gridOrder": 30, 
    "description": "", 
    "name": "Awaiting delivery", 
    "isDefault": false, 
    "isUndefined": false
  }
},
{
  "pk": 4, 
  "model": "streampunk.kitstatus", 
  "fields": {
    "gridOrder": 15, 
    "description": "", 
    "name": "Awaiting purchase", 
    "isDefault": false, 
    "isUndefined": false
  }
},
{
  "pk": 5, 
  "model": "streampunk.kitstatus", 
  "fields": {
    "gridOrder": 40, 
    "description": "", 
    "name": "Delivered", 
    "isDefault": false, 
    "isUndefined": false
  }
},
{
  "pk": 1, 
  "model": "streampunk.mediastatus", 
  "fields": {
    "gridOrder": 1, 
    "description": "", 
    "name": "TBA", 
    "isDefault": true, 
    "isUndefined": true
  }
},
{
  "pk": 2, 
  "model": "streampunk.mediastatus", 
  "fields": {
    "gridOrder": 10, 
    "description": "", 
    "name": "No media required", 
    "isDefault": false, 
    "isUndefined": false
  }
},
{
  "pk": 3, 
  "model": "streampunk.mediastatus", 
  "fields": {
    "gridOrder": 20, 
    "description": "", 
    "name": "Media needs sending to Tech", 
    "isDefault": false, 
    "isUndefined": false
  }
},
{
  "pk": 4, 
  "model": "streampunk.mediastatus", 
  "fields": {
    "gridOrder": 30, 
    "description": "", 
    "name": "Media received by Tech", 
    "isDefault": false, 
    "isUndefined": false
  }
},
{
  "pk": 1, 
  "model": "streampunk.checkresult", 
  "fields": {
    "gridOrder": 1, 
    "description": "Check returns a list of programme items.", 
    "name": "Item List", 
    "isDefault": true, 
    "isUndefined": false
  }
},
{
  "pk": 2, 
  "model": "streampunk.checkresult", 
  "fields": {
    "gridOrder": 2, 
    "description": "Check returns a list of people.", 
    "name": "Person List", 
    "isDefault": false, 
    "isUndefined": false
  }
},
{
  "pk": 3, 
  "model": "streampunk.checkresult", 
  "fields": {
    "gridOrder": 30, 
    "description": "Check will return a list of tuples, each of which contains mixed object kinds.", 
    "name": "Mixed Tuple", 
    "isDefault": false, 
    "isUndefined": false
  }
},
{
  "pk": 4, 
  "model": "streampunk.checkresult", 
  "fields": {
    "gridOrder": 2, 
    "description": "Check returns a list of rooms.", 
    "name": "Room List", 
    "isDefault": false, 
    "isUndefined": false
  }
},
{
  "pk": 5, 
  "model": "streampunk.checkresult", 
  "fields": {
    "gridOrder": 2, 
    "description": "Check returns a list of kit things.", 
    "name": "KitThing List", 
    "isDefault": false, 
    "isUndefined": false
  }
},
{
  "pk": 6, 
  "model": "streampunk.checkresult", 
  "fields": {
    "gridOrder": 2, 
    "description": "Something got deleted", 
    "name": "TBA", 
    "isDefault": false, 
    "isUndefined": true
  }
},
{
  "pk": 1, 
  "model": "streampunk.check", 
  "fields": {
    "result": 2, 
    "name": "People with no email address", 
    "module": "no_email", 
    "description": "List people who do not yet have an email address entered."
  }
},
{
  "pk": 2, 
  "model": "streampunk.check", 
  "fields": {
    "result": 2, 
    "name": "People who haven't joined yet", 
    "module": "not_member", 
    "description": "List people who don't have a valid membership number registered yet."
  }
},
{
  "pk": 3, 
  "model": "streampunk.check", 
  "fields": {
    "result": 2, 
    "name": "People who aren't complete yet", 
    "module": "not_complete_person", 
    "description": "List people who aren't marked as \"Complete\" yet."
  }
},
{
  "pk": 4, 
  "model": "streampunk.check", 
  "fields": {
    "result": 3, 
    "name": "People clashes", 
    "module": "person_clashes", 
    "description": "List items where the same person is programmed on two concurrent items."
  }
},
{
  "pk": 5, 
  "model": "streampunk.check", 
  "fields": {
    "result": 1, 
    "name": "Items with no people", 
    "module": "items_no_people", 
    "description": "List items which have no people on them."
  }
},
{
  "pk": 6, 
  "model": "streampunk.check", 
  "fields": {
    "result": 1, 
    "name": "Items with no room", 
    "module": "items_no_room", 
    "description": "List items that are not assigned to a real room yet."
  }
},
{
  "pk": 7, 
  "model": "streampunk.check", 
  "fields": {
    "result": 1, 
    "name": "Items not scheduled", 
    "module": "items_not_scheduled", 
    "description": "List items that do not yet have a defined day/start time."
  }
},
{
  "pk": 8, 
  "model": "streampunk.check", 
  "fields": {
    "result": 1, 
    "name": "Items with unknown gopher count", 
    "module": "items_unknown_gophers", 
    "description": "List items for which the gopher count is -1"
  }
},
{
  "pk": 9, 
  "model": "streampunk.check", 
  "fields": {
    "result": 1, 
    "name": "Items with unsatisfied kit requests", 
    "module": "items_unsatisfied_kitreq", 
    "description": "List items for which there are kit requests unsatisfied by either room or item assignments"
  }
},
{
  "pk": 10, 
  "model": "streampunk.check", 
  "fields": {
    "result": 3, 
    "name": "Kit clashes", 
    "module": "kit_clashes", 
    "description": "List kit assignments which clash with other kit assignments"
  }
},
{
  "pk": 11, 
  "model": "streampunk.check", 
  "fields": {
    "result": 2, 
    "name": "People without availability", 
    "module": "person_no_avail", 
    "description": "List people who have no availability info entered"
  }
},
{
  "pk": 12, 
  "model": "streampunk.check", 
  "fields": {
    "result": 3, 
    "name": "People unavailable", 
    "module": "person_not_avail", 
    "description": "List people who have items assigned outside available slots"
  }
},
{
  "pk": 13, 
  "model": "streampunk.check", 
  "fields": {
    "result": 3, 
    "name": "Items in unavailable rooms", 
    "module": "room_not_avail", 
    "description": "List items that are scheduled in rooms when the room is unavailable"
  }
},
{
  "pk": 14, 
  "model": "streampunk.check", 
  "fields": {
    "result": 3, 
    "name": "Items with unavailable kit", 
    "module": "kit_not_avail_for_item", 
    "description": "List items that have kit assigned to them when the kit is unavailable"
  }
},
{
  "pk": 15, 
  "model": "streampunk.check", 
  "fields": {
    "result": 3, 
    "name": "Kit/room availability mismatch", 
    "module": "kit_not_avail_for_room", 
    "description": "List cases where kit is assigned to a room, in a period where one or both is unavailable"
  }
},
{
  "pk": 16, 
  "model": "streampunk.check", 
  "fields": {
    "result": 4, 
    "name": "Rooms without availability", 
    "module": "room_no_avail", 
    "description": "List rooms with no availabiliy info"
  }
},
{
  "pk": 17, 
  "model": "streampunk.check", 
  "fields": {
    "result": 5, 
    "name": "KitThings without availability", 
    "module": "kit_no_avail", 
    "description": "List kit things with no availability info"
  }
},
{
  "pk": 1, 
  "model": "streampunk.coninfobool", 
  "fields": {
    "var": "show_shortname", 
    "name": "Show shortnames", 
    "val": true
  }
},
{
  "pk": 2, 
  "model": "streampunk.coninfobool", 
  "fields": {
    "var": "rooms_across_top", 
    "name": "Rooms across top on grids", 
    "val": false
  }
},
{
  "pk": 3, 
  "model": "streampunk.coninfobool", 
  "fields": {
    "var": "no_avail_means_always_avail", 
    "name": "No availability means \"always available\"", 
    "val": true
  }
},
{
  "pk": 1, 
  "model": "streampunk.coninfoint", 
  "fields": {
    "var": "max_items_per_day", 
    "name": "Max items per day for a person", 
    "val": 4
  }
},
{
  "pk": 2, 
  "model": "streampunk.coninfoint", 
  "fields": {
    "var": "max_items_whole_con", 
    "name": "Max items for a person across the whole con", 
    "val": 12
  }
},
{
  "pk": 3, 
  "model": "streampunk.coninfoint", 
  "fields": {
    "var": "max_consecutive_items", 
    "name": "Max consecutive items for a person", 
    "val": 2
  }
},
{
  "pk": 1, 
  "model": "streampunk.coninfostring", 
  "fields": {
    "var": "con_name", 
    "name": "Convention name", 
    "val": "MyCon 2012"
  }
},
{
  "pk": 2, 
  "model": "streampunk.coninfostring", 
  "fields": {
    "var": "email_from", 
    "name": "Email 'From' address", 
    "val": "steve@whitecrow.demon.co.uk"
  }
},
{
  "pk": 3, 
  "model": "streampunk.room", 
  "fields": {
    "disabledAccess": true, 
    "closableCurtains": false, 
    "accessibleOnFlat": false, 
    "visible": false, 
    "techNotes": "", 
    "naturalLight": false, 
    "hasWifi": false, 
    "inRadioRange": false, 
    "availability": [], 
    "hasCableRuns": false, 
    "securable": false, 
    "isDefault": true, 
    "isUndefined": true, 
    "gridOrder": 99, 
    "description": "For items that have not yet been allocated a room, or that do not need one.", 
    "parent": null, 
    "capacities": [], 
    "openableWindows": false, 
    "name": "Nowhere", 
    "controlAirConInRoom": false, 
    "canClash": false, 
    "controlLightsInRoom": false, 
    "privNotes": "", 
    "needsSound": false
  }
},
{
  "pk": 4, 
  "model": "streampunk.room", 
  "fields": {
    "disabledAccess": true, 
    "closableCurtains": false, 
    "accessibleOnFlat": false, 
    "visible": true, 
    "techNotes": "", 
    "naturalLight": false, 
    "hasWifi": false, 
    "inRadioRange": false, 
    "availability": [], 
    "hasCableRuns": false, 
    "securable": false, 
    "isDefault": false, 
    "isUndefined": false, 
    "gridOrder": 95, 
    "description": "For items that are in no fixed location, e.g. a treasure hunt.", 
    "parent": null, 
    "capacities": [], 
    "openableWindows": false, 
    "name": "Everywhere", 
    "controlAirConInRoom": false, 
    "canClash": false, 
    "controlLightsInRoom": false, 
    "privNotes": "", 
    "needsSound": false
  }
},
{
  "pk": 5, 
  "model": "streampunk.room", 
  "fields": {
    "disabledAccess": true, 
    "closableCurtains": false, 
    "accessibleOnFlat": false, 
    "visible": true, 
    "techNotes": "", 
    "naturalLight": false, 
    "hasWifi": false, 
    "inRadioRange": true, 
    "availability": [
      72, 
      73, 
      74, 
      75, 
      76, 
      77, 
      78, 
      79, 
      80, 
      81, 
      82, 
      83, 
      85, 
      86, 
      87, 
      88, 
      89, 
      90, 
      91, 
      92, 
      93, 
      94, 
      95, 
      96, 
      97, 
      98, 
      99, 
      100, 
      101, 
      102, 
      103, 
      104, 
      105, 
      106, 
      107, 
      108, 
      109, 
      110, 
      111, 
      112, 
      113, 
      114, 
      115, 
      116, 
      117, 
      118, 
      119, 
      120, 
      121
    ], 
    "hasCableRuns": false, 
    "securable": false, 
    "isDefault": false, 
    "isUndefined": false, 
    "gridOrder": 10, 
    "description": "Where your main set pieces go", 
    "parent": null, 
    "capacities": [
      1, 
      2, 
      3
    ], 
    "openableWindows": false, 
    "name": "Main Hall", 
    "controlAirConInRoom": false, 
    "canClash": true, 
    "controlLightsInRoom": false, 
    "privNotes": "", 
    "needsSound": true
  }
},
{
  "pk": 6, 
  "model": "streampunk.room", 
  "fields": {
    "disabledAccess": true, 
    "closableCurtains": false, 
    "accessibleOnFlat": false, 
    "visible": true, 
    "techNotes": "", 
    "naturalLight": false, 
    "hasWifi": false, 
    "inRadioRange": false, 
    "availability": [
      68, 
      69, 
      70, 
      71, 
      72, 
      73, 
      74, 
      75, 
      76, 
      77, 
      78, 
      79, 
      80, 
      81, 
      82, 
      83, 
      85, 
      86, 
      87, 
      88, 
      89, 
      90, 
      91, 
      92, 
      93, 
      94, 
      95, 
      96, 
      97, 
      98, 
      99, 
      100, 
      101, 
      102, 
      103, 
      104, 
      105, 
      106, 
      107, 
      108, 
      109, 
      110, 
      111, 
      112, 
      113, 
      114, 
      115, 
      116, 
      117, 
      118, 
      119, 
      120, 
      121, 
      122, 
      123, 
      124, 
      125, 
      126, 
      127, 
      128, 
      129, 
      130, 
      131
    ], 
    "hasCableRuns": false, 
    "securable": false, 
    "isDefault": false, 
    "isUndefined": false, 
    "gridOrder": 20, 
    "description": "Where your medium-sized items go.", 
    "parent": null, 
    "capacities": [], 
    "openableWindows": false, 
    "name": "Second Hall", 
    "controlAirConInRoom": false, 
    "canClash": true, 
    "controlLightsInRoom": false, 
    "privNotes": "", 
    "needsSound": true
  }
},
{
  "pk": 7, 
  "model": "streampunk.room", 
  "fields": {
    "disabledAccess": true, 
    "closableCurtains": false, 
    "accessibleOnFlat": false, 
    "visible": true, 
    "techNotes": "", 
    "naturalLight": false, 
    "hasWifi": false, 
    "inRadioRange": true, 
    "availability": [
      85, 
      86, 
      87, 
      88, 
      89, 
      90, 
      91, 
      92, 
      93, 
      94, 
      95, 
      96, 
      97, 
      98, 
      99, 
      100
    ], 
    "hasCableRuns": false, 
    "securable": true, 
    "isDefault": false, 
    "isUndefined": false, 
    "gridOrder": 30, 
    "description": "Small room for panels", 
    "parent": null, 
    "capacities": [
      4
    ], 
    "openableWindows": false, 
    "name": "Programme 1", 
    "controlAirConInRoom": false, 
    "canClash": true, 
    "controlLightsInRoom": false, 
    "privNotes": "", 
    "needsSound": false
  }
},
{
  "pk": 8, 
  "model": "streampunk.room", 
  "fields": {
    "disabledAccess": true, 
    "closableCurtains": false, 
    "accessibleOnFlat": false, 
    "visible": true, 
    "techNotes": "", 
    "naturalLight": false, 
    "hasWifi": false, 
    "inRadioRange": false, 
    "availability": [], 
    "hasCableRuns": false, 
    "securable": false, 
    "isDefault": false, 
    "isUndefined": false, 
    "gridOrder": 40, 
    "description": "Another small room for panels", 
    "parent": null, 
    "capacities": [
      5, 
      6
    ], 
    "openableWindows": false, 
    "name": "Programme 2", 
    "controlAirConInRoom": false, 
    "canClash": true, 
    "controlLightsInRoom": false, 
    "privNotes": "", 
    "needsSound": false
  }
},
{
  "pk": 9, 
  "model": "streampunk.room", 
  "fields": {
    "disabledAccess": true, 
    "closableCurtains": false, 
    "accessibleOnFlat": false, 
    "visible": true, 
    "techNotes": "", 
    "naturalLight": false, 
    "hasWifi": false, 
    "inRadioRange": false, 
    "availability": [], 
    "hasCableRuns": false, 
    "securable": false, 
    "isDefault": false, 
    "isUndefined": false, 
    "gridOrder": 60, 
    "description": "Room set up for showing videos, movies, etc.", 
    "parent": null, 
    "capacities": [
      5
    ], 
    "openableWindows": false, 
    "name": "Video", 
    "controlAirConInRoom": false, 
    "canClash": true, 
    "controlLightsInRoom": false, 
    "privNotes": "", 
    "needsSound": false
  }
},
{
  "pk": 10, 
  "model": "streampunk.room", 
  "fields": {
    "disabledAccess": true, 
    "closableCurtains": false, 
    "accessibleOnFlat": false, 
    "visible": false, 
    "techNotes": "", 
    "naturalLight": false, 
    "hasWifi": false, 
    "inRadioRange": false, 
    "availability": [], 
    "hasCableRuns": false, 
    "securable": false, 
    "isDefault": false, 
    "isUndefined": false, 
    "gridOrder": 80, 
    "description": "Operations room. Scheduled public items should not appear here.", 
    "parent": null, 
    "capacities": [
      7
    ], 
    "openableWindows": false, 
    "name": "Ops", 
    "controlAirConInRoom": false, 
    "canClash": false, 
    "controlLightsInRoom": false, 
    "privNotes": "", 
    "needsSound": false
  }
},
{
  "pk": 1, 
  "model": "streampunk.roomcapacity", 
  "fields": {
    "count": 500, 
    "layout": 9
  }
},
{
  "pk": 2, 
  "model": "streampunk.roomcapacity", 
  "fields": {
    "count": 300, 
    "layout": 6
  }
},
{
  "pk": 3, 
  "model": "streampunk.roomcapacity", 
  "fields": {
    "count": 200, 
    "layout": 10
  }
},
{
  "pk": 4, 
  "model": "streampunk.roomcapacity", 
  "fields": {
    "count": 80, 
    "layout": 6
  }
},
{
  "pk": 5, 
  "model": "streampunk.roomcapacity", 
  "fields": {
    "count": 60, 
    "layout": 6
  }
},
{
  "pk": 6, 
  "model": "streampunk.roomcapacity", 
  "fields": {
    "count": 20, 
    "layout": 8
  }
},
{
  "pk": 7, 
  "model": "streampunk.roomcapacity", 
  "fields": {
    "count": 50, 
    "layout": 9
  }
}
]
