[
  {
    "pk": 5, 
    "model": "streampunk.conday", 
    "fields": {
      "name": "TBA", 
      "visible": false, 
      "date": "2012-04-09", 
      "order": 0, 
      "isDefault": true, 
      "isUndefined": true
    }
  }, 
  {
    "pk": 1, 
    "model": "streampunk.conday", 
    "fields": {
      "name": "Friday", 
      "visible": true, 
      "date": "2012-04-06", 
      "order": 2, 
      "isDefault": false, 
      "isUndefined": false
    }
  }, 
  {
    "pk": 2, 
    "model": "streampunk.conday", 
    "fields": {
      "name": "Saturday", 
      "visible": true, 
      "date": "2012-04-07", 
      "order": 2, 
      "isDefault": false, 
      "isUndefined": false
    }
  }, 
  {
    "pk": 3, 
    "model": "streampunk.conday", 
    "fields": {
      "name": "Sunday", 
      "visible": true, 
      "date": "2012-04-08", 
      "order": 2, 
      "isDefault": false, 
      "isUndefined": false
    }
  }, 
  {
    "pk": 4, 
    "model": "streampunk.conday", 
    "fields": {
      "name": "Monday", 
      "visible": true, 
      "date": "2012-04-09", 
      "order": 2, 
      "isDefault": false, 
      "isUndefined": false
    }
  }, 
  {
    "pk": 25, 
    "model": "streampunk.slotlength", 
    "fields": {
      "length": 0, 
      "name": "None", 
      "isDefault": false, 
      "isUndefined": true
    }
  }, 
  {
    "pk": 21, 
    "model": "streampunk.slotlength", 
    "fields": {
      "length": 30, 
      "name": "30mins", 
      "isDefault": false, 
      "isUndefined": false
    }
  }, 
  {
    "pk": 23, 
    "model": "streampunk.slotlength", 
    "fields": {
      "length": 90, 
      "name": "90mins", 
      "isDefault": false, 
      "isUndefined": false
    }
  }, 
  {
    "pk": 24, 
    "model": "streampunk.slotlength", 
    "fields": {
      "length": 120, 
      "name": "2 hours", 
      "isDefault": false, 
      "isUndefined": false
    }
  }, 
  {
    "pk": 22, 
    "model": "streampunk.slotlength", 
    "fields": {
      "length": 60, 
      "name": "1 hour", 
      "isDefault": true, 
      "isUndefined": false
    }
  }, 
  {
    "pk": 68, 
    "model": "streampunk.slot", 
    "fields": {
      "slotText": "10-11am", 
      "visible": true, 
      "startText": "10am", 
      "start": 600, 
      "length": 22, 
      "isDefault": false, 
      "isUndefined": false
    }
  }, 
  {
    "pk": 69, 
    "model": "streampunk.slot", 
    "fields": {
      "slotText": "11am-Noon", 
      "visible": true, 
      "startText": "11am", 
      "start": 660, 
      "length": 22, 
      "isDefault": false, 
      "isUndefined": false
    }
  }, 
  {
    "pk": 70, 
    "model": "streampunk.slot", 
    "fields": {
      "slotText": "Noon-1pm", 
      "visible": true, 
      "startText": "Noon", 
      "start": 720, 
      "length": 22, 
      "isDefault": false, 
      "isUndefined": false
    }
  }, 
  {
    "pk": 71, 
    "model": "streampunk.slot", 
    "fields": {
      "slotText": "1-2pm", 
      "visible": true, 
      "startText": "1pm", 
      "start": 780, 
      "length": 22, 
      "isDefault": false, 
      "isUndefined": false
    }
  }, 
  {
    "pk": 72, 
    "model": "streampunk.slot", 
    "fields": {
      "slotText": "2-3pm", 
      "visible": true, 
      "startText": "2pm", 
      "start": 840, 
      "length": 22, 
      "isDefault": false, 
      "isUndefined": false
    }
  }, 
  {
    "pk": 73, 
    "model": "streampunk.slot", 
    "fields": {
      "slotText": "3-4pm", 
      "visible": true, 
      "startText": "3pm", 
      "start": 900, 
      "length": 22, 
      "isDefault": false, 
      "isUndefined": false
    }
  }, 
  {
    "pk": 74, 
    "model": "streampunk.slot", 
    "fields": {
      "slotText": "4-5pm", 
      "visible": true, 
      "startText": "4pm", 
      "start": 960, 
      "length": 22, 
      "isDefault": false, 
      "isUndefined": false
    }
  }, 
  {
    "pk": 75, 
    "model": "streampunk.slot", 
    "fields": {
      "slotText": "5-6pm", 
      "visible": true, 
      "startText": "5pm", 
      "start": 1020, 
      "length": 22, 
      "isDefault": false, 
      "isUndefined": false
    }
  }, 
  {
    "pk": 76, 
    "model": "streampunk.slot", 
    "fields": {
      "slotText": "6-7pm", 
      "visible": true, 
      "startText": "6pm", 
      "start": 1080, 
      "length": 22, 
      "isDefault": false, 
      "isUndefined": false
    }
  }, 
  {
    "pk": 77, 
    "model": "streampunk.slot", 
    "fields": {
      "slotText": "7-8pm", 
      "visible": true, 
      "startText": "7pm", 
      "start": 1140, 
      "length": 22, 
      "isDefault": false, 
      "isUndefined": false
    }
  }, 
  {
    "pk": 78, 
    "model": "streampunk.slot", 
    "fields": {
      "slotText": "8-9pm", 
      "visible": true, 
      "startText": "8pm", 
      "start": 1200, 
      "length": 22, 
      "isDefault": false, 
      "isUndefined": false
    }
  }, 
  {
    "pk": 79, 
    "model": "streampunk.slot", 
    "fields": {
      "slotText": "9-10pm", 
      "visible": true, 
      "startText": "9pm", 
      "start": 1260, 
      "length": 22, 
      "isDefault": false, 
      "isUndefined": false
    }
  }, 
  {
    "pk": 80, 
    "model": "streampunk.slot", 
    "fields": {
      "slotText": "10-11pm", 
      "visible": true, 
      "startText": "10pm", 
      "start": 1320, 
      "length": 22, 
      "isDefault": false, 
      "isUndefined": false
    }
  }, 
  {
    "pk": 81, 
    "model": "streampunk.slot", 
    "fields": {
      "slotText": "11pm-Midnight", 
      "visible": true, 
      "startText": "11pm", 
      "start": 1380, 
      "length": 22, 
      "isDefault": false, 
      "isUndefined": false
    }
  }, 
  {
    "pk": 82, 
    "model": "streampunk.slot", 
    "fields": {
      "slotText": "Midnight-1am", 
      "visible": true, 
      "startText": "Midnight", 
      "start": 1440, 
      "length": 22, 
      "isDefault": false, 
      "isUndefined": false
    }
  }, 
  {
    "pk": 83, 
    "model": "streampunk.slot", 
    "fields": {
      "slotText": "1-2am", 
      "visible": true, 
      "startText": "1am", 
      "start": 1500, 
      "length": 22, 
      "isDefault": false, 
      "isUndefined": false
    }
  }, 
  {
    "pk": 84, 
    "model": "streampunk.slot", 
    "fields": {
      "slotText": "TBA", 
      "visible": false, 
      "startText": "TBA", 
      "start": 0, 
      "length": 22, 
      "isDefault": true, 
      "isUndefined": true
    }
  }, 
  {
    "pk": 8, 
    "model": "streampunk.grid", 
    "fields": {
      "gridOrder": 4, 
      "slots": [
        80, 
        81, 
        82, 
        83
      ], 
      "name": "10pm-2am"
    }
  }, 
  {
    "pk": 7, 
    "model": "streampunk.grid", 
    "fields": {
      "gridOrder": 3, 
      "slots": [
        76, 
        77, 
        78, 
        79
      ], 
      "name": "6-10pm"
    }
  }, 
  {
    "pk": 6, 
    "model": "streampunk.grid", 
    "fields": {
      "gridOrder": 2, 
      "slots": [
        72, 
        73, 
        74, 
        75
      ], 
      "name": "2-6pm"
    }
  }, 
  {
    "pk": 5, 
    "model": "streampunk.grid", 
    "fields": {
      "gridOrder": 1, 
      "slots": [
        68, 
        69, 
        70, 
        71
      ], 
      "name": "10am-2pm"
    }
  }, 
  {
    "pk": 2, 
    "model": "streampunk.gender", 
    "fields": {
      "gridOrder": 20, 
      "description": "", 
      "name": "Male", 
      "isDefault": false, 
      "isUndefined": false
    }
  }, 
  {
    "pk": 3, 
    "model": "streampunk.gender", 
    "fields": {
      "gridOrder": 30, 
      "description": "", 
      "name": "Female", 
      "isDefault": false, 
      "isUndefined": false
    }
  }, 
  {
    "pk": 1, 
    "model": "streampunk.gender", 
    "fields": {
      "gridOrder": 100, 
      "description": "", 
      "name": "TBA", 
      "isDefault": true, 
      "isUndefined": true
    }
  }, 
  {
    "pk": 13, 
    "model": "streampunk.itemkind", 
    "fields": {
      "gridOrder": 0, 
      "description": "", 
      "name": "TBA", 
      "isDefault": true, 
      "isUndefined": true
    }
  }, 
  {
    "pk": 7, 
    "model": "streampunk.itemkind", 
    "fields": {
      "gridOrder": 10, 
      "description": "Standard Panel discussion", 
      "name": "Panel", 
      "isDefault": false, 
      "isUndefined": false
    }
  }, 
  {
    "pk": 8, 
    "model": "streampunk.itemkind", 
    "fields": {
      "gridOrder": 20, 
      "description": "Someone presenting a talk or speech", 
      "name": "Talk", 
      "isDefault": false, 
      "isUndefined": false
    }
  }, 
  {
    "pk": 9, 
    "model": "streampunk.itemkind", 
    "fields": {
      "gridOrder": 30, 
      "description": "An activity that involves everyone attending", 
      "name": "Workshop", 
      "isDefault": false, 
      "isUndefined": false
    }
  }, 
  {
    "pk": 10, 
    "model": "streampunk.itemkind", 
    "fields": {
      "gridOrder": 40, 
      "description": "A physical activity", 
      "name": "Exercise", 
      "isDefault": false, 
      "isUndefined": false
    }
  }, 
  {
    "pk": 11, 
    "model": "streampunk.itemkind", 
    "fields": {
      "gridOrder": 50, 
      "description": "A item with rules and a winner", 
      "name": "Game", 
      "isDefault": false, 
      "isUndefined": false
    }
  }, 
  {
    "pk": 12, 
    "model": "streampunk.itemkind", 
    "fields": {
      "gridOrder": 200, 
      "description": "Something that doesn't fit into these categories", 
      "name": "Other", 
      "isDefault": false, 
      "isUndefined": false
    }
  }, 
  {
    "pk": 11, 
    "model": "streampunk.seatingkind", 
    "fields": {
      "gridOrder": 0, 
      "description": "", 
      "name": "TBA", 
      "isDefault": true, 
      "isUndefined": true
    }
  }, 
  {
    "pk": 6, 
    "model": "streampunk.seatingkind", 
    "fields": {
      "gridOrder": 10, 
      "description": "Chairs in rows facing the front", 
      "name": "Theatre", 
      "isDefault": false, 
      "isUndefined": false
    }
  }, 
  {
    "pk": 7, 
    "model": "streampunk.seatingkind", 
    "fields": {
      "gridOrder": 20, 
      "description": "Chairs against the walls, with the centre space empty", 
      "name": "Chairs around wall", 
      "isDefault": false, 
      "isUndefined": false
    }
  }, 
  {
    "pk": 8, 
    "model": "streampunk.seatingkind", 
    "fields": {
      "gridOrder": 30, 
      "description": "Chairs around a single table in the middle of the room", 
      "name": "Boardroom", 
      "isDefault": false, 
      "isUndefined": false
    }
  }, 
  {
    "pk": 9, 
    "model": "streampunk.seatingkind", 
    "fields": {
      "gridOrder": 40, 
      "description": "No chairs or tables", 
      "name": "Empty", 
      "isDefault": false, 
      "isUndefined": false
    }
  }, 
  {
    "pk": 10, 
    "model": "streampunk.seatingkind", 
    "fields": {
      "gridOrder": 50, 
      "description": "Chairs around circular tables", 
      "name": "Cabaret", 
      "isDefault": false, 
      "isUndefined": false
    }
  }, 
  {
    "pk": 1, 
    "model": "streampunk.frontlayoutkind", 
    "fields": {
      "gridOrder": 1, 
      "description": "Unknown layout for front of room.", 
      "name": "TBA", 
      "isDefault": false, 
      "isUndefined": true
    }
  }, 
  {
    "pk": 2, 
    "model": "streampunk.frontlayoutkind", 
    "fields": {
      "gridOrder": 10, 
      "description": "Table, chairs for panellists, microphones if necessary.", 
      "name": "Panel", 
      "isDefault": true, 
      "isUndefined": false
    }
  }, 
  {
    "pk": 11, 
    "model": "streampunk.personrole", 
    "fields": {
      "gridOrder": 0, 
      "description": "", 
      "name": "TBA", 
      "isDefault": false, 
      "isUndefined": true
    }
  }, 
  {
    "pk": 6, 
    "model": "streampunk.personrole", 
    "fields": {
      "gridOrder": 10, 
      "description": "On a panel, but not running it", 
      "name": "Panellist", 
      "isDefault": true, 
      "isUndefined": false
    }
  }, 
  {
    "pk": 7, 
    "model": "streampunk.personrole", 
    "fields": {
      "gridOrder": 20, 
      "description": "Running a panel", 
      "name": "Moderator", 
      "isDefault": false, 
      "isUndefined": false
    }
  }, 
  {
    "pk": 8, 
    "model": "streampunk.personrole", 
    "fields": {
      "gridOrder": 30, 
      "description": "Presenting a talk or lecture", 
      "name": "Speaker", 
      "isDefault": false, 
      "isUndefined": false
    }
  }, 
  {
    "pk": 9, 
    "model": "streampunk.personrole", 
    "fields": {
      "gridOrder": 40, 
      "description": "Interviewing a guest", 
      "name": "Interviewer", 
      "isDefault": false, 
      "isUndefined": false
    }
  }, 
  {
    "pk": 10, 
    "model": "streampunk.personrole", 
    "fields": {
      "gridOrder": 50, 
      "description": "Being interviewed", 
      "name": "Interviewee", 
      "isDefault": false, 
      "isUndefined": false
    }
  }, 
  {
    "pk": 5, 
    "model": "streampunk.personstatus", 
    "fields": {
      "gridOrder": 20, 
      "description": "Has been invited, not yet confirmed", 
      "name": "Invited", 
      "isDefault": false, 
      "isUndefined": false
    }
  }, 
  {
    "pk": 4, 
    "model": "streampunk.personstatus", 
    "fields": {
      "gridOrder": 10, 
      "description": "Would be good for this item, but not contacted yet", 
      "name": "Proposed", 
      "isDefault": true, 
      "isUndefined": false
    }
  }, 
  {
    "pk": 6, 
    "model": "streampunk.personstatus", 
    "fields": {
      "gridOrder": 30, 
      "description": "Has confirmed item participation", 
      "name": "Confirmed", 
      "isDefault": false, 
      "isUndefined": false
    }
  }, 
  {
    "pk": 7, 
    "model": "streampunk.personstatus", 
    "fields": {
      "gridOrder": 0, 
      "description": "", 
      "name": "TBA", 
      "isDefault": false, 
      "isUndefined": true
    }
  }, 
  {
    "pk": 1, 
    "model": "streampunk.revision", 
    "fields": {
      "colour": "black", 
      "baseline": "2012-03-01T00:00:00+00:00", 
      "description": "First draft"
    }
  }, 
  {
    "pk": 1, 
    "model": "streampunk.kitkind", 
    "fields": {
      "gridOrder": 1, 
      "description": "", 
      "name": "TBA", 
      "isDefault": true, 
      "isUndefined": true
    }
  }, 
  {
    "pk": 3, 
    "model": "streampunk.kitkind", 
    "fields": {
      "gridOrder": 1, 
      "description": "", 
      "name": "Screen", 
      "isDefault": false, 
      "isUndefined": false
    }
  }, 
  {
    "pk": 5, 
    "model": "streampunk.kitkind", 
    "fields": {
      "gridOrder": 1, 
      "description": "10", 
      "name": "Microphone", 
      "isDefault": false, 
      "isUndefined": false
    }
  }, 
  {
    "pk": 2, 
    "model": "streampunk.kitkind", 
    "fields": {
      "gridOrder": 10, 
      "description": "", 
      "name": "Projector", 
      "isDefault": false, 
      "isUndefined": false
    }
  }, 
  {
    "pk": 4, 
    "model": "streampunk.kitkind", 
    "fields": {
      "gridOrder": 10, 
      "description": "Computer-to-stereo XLR converter", 
      "name": "DI Box", 
      "isDefault": false, 
      "isUndefined": false
    }
  }, 
  {
    "pk": 6, 
    "model": "streampunk.kitkind", 
    "fields": {
      "gridOrder": 10, 
      "description": "", 
      "name": "Roving Microphone", 
      "isDefault": false, 
      "isUndefined": false
    }
  }, 
  {
    "pk": 7, 
    "model": "streampunk.kitkind", 
    "fields": {
      "gridOrder": 10, 
      "description": "", 
      "name": "Television", 
      "isDefault": false, 
      "isUndefined": false
    }
  }, 
  {
    "pk": 8, 
    "model": "streampunk.kitkind", 
    "fields": {
      "gridOrder": 10, 
      "description": "", 
      "name": "DVD player", 
      "isDefault": false, 
      "isUndefined": false
    }
  }, 
  {
    "pk": 9, 
    "model": "streampunk.kitkind", 
    "fields": {
      "gridOrder": 10, 
      "description": "Portable CD player", 
      "name": "Boom-box", 
      "isDefault": false, 
      "isUndefined": false
    }
  }, 
  {
    "pk": 10, 
    "model": "streampunk.kitkind", 
    "fields": {
      "gridOrder": 10, 
      "description": "", 
      "name": "iPod", 
      "isDefault": false, 
      "isUndefined": false
    }
  }, 
  {
    "pk": 11, 
    "model": "streampunk.kitkind", 
    "fields": {
      "gridOrder": 10, 
      "description": "", 
      "name": "Blu-Ray player", 
      "isDefault": false, 
      "isUndefined": false
    }
  }, 
  {
    "pk": 1, 
    "model": "streampunk.kitrole", 
    "fields": {
      "gridOrder": 1, 
      "description": "", 
      "name": "TBA", 
      "isDefault": true, 
      "isUndefined": true
    }
  }, 
  {
    "pk": 1, 
    "model": "streampunk.kitdepartment", 
    "fields": {
      "gridOrder": 1, 
      "description": "", 
      "name": "TBA", 
      "isDefault": false, 
      "isUndefined": true
    }
  }, 
  {
    "pk": 2, 
    "model": "streampunk.kitdepartment", 
    "fields": {
      "gridOrder": 10, 
      "description": "", 
      "name": "Tech", 
      "isDefault": true, 
      "isUndefined": false
    }
  }, 
  {
    "pk": 3, 
    "model": "streampunk.kitdepartment", 
    "fields": {
      "gridOrder": 20, 
      "description": "", 
      "name": "Green Room", 
      "isDefault": false, 
      "isUndefined": false
    }
  }, 
  {
    "pk": 4, 
    "model": "streampunk.kitdepartment", 
    "fields": {
      "gridOrder": 30, 
      "description": "", 
      "name": "Programme Ops", 
      "isDefault": false, 
      "isUndefined": false
    }
  }, 
  {
    "pk": 1, 
    "model": "streampunk.kitsource", 
    "fields": {
      "gridOrder": 1, 
      "description": "", 
      "name": "TBA", 
      "isDefault": true, 
      "isUndefined": true
    }
  }, 
  {
    "pk": 1, 
    "model": "streampunk.kitbasis", 
    "fields": {
      "gridOrder": 1, 
      "description": "", 
      "name": "TBA", 
      "isDefault": true, 
      "isUndefined": true
    }
  }, 
  {
    "pk": 3, 
    "model": "streampunk.kitbasis", 
    "fields": {
      "gridOrder": 1, 
      "description": "20", 
      "name": "Borrow", 
      "isDefault": false, 
      "isUndefined": false
    }
  }, 
  {
    "pk": 2, 
    "model": "streampunk.kitbasis", 
    "fields": {
      "gridOrder": 10, 
      "description": "", 
      "name": "Hire", 
      "isDefault": false, 
      "isUndefined": false
    }
  }, 
  {
    "pk": 4, 
    "model": "streampunk.kitbasis", 
    "fields": {
      "gridOrder": 30, 
      "description": "", 
      "name": "Buy", 
      "isDefault": false, 
      "isUndefined": false
    }
  }, 
  {
    "pk": 1, 
    "model": "streampunk.kitstatus", 
    "fields": {
      "gridOrder": 1, 
      "description": "", 
      "name": "TBA", 
      "isDefault": true, 
      "isUndefined": true
    }
  }, 
  {
    "pk": 2, 
    "model": "streampunk.kitstatus", 
    "fields": {
      "gridOrder": 10, 
      "description": "", 
      "name": "Awaiting Sign-off", 
      "isDefault": false, 
      "isUndefined": false
    }
  }, 
  {
    "pk": 4, 
    "model": "streampunk.kitstatus", 
    "fields": {
      "gridOrder": 15, 
      "description": "", 
      "name": "Awaiting purchase", 
      "isDefault": false, 
      "isUndefined": false
    }
  }, 
  {
    "pk": 3, 
    "model": "streampunk.kitstatus", 
    "fields": {
      "gridOrder": 30, 
      "description": "", 
      "name": "Awaiting delivery", 
      "isDefault": false, 
      "isUndefined": false
    }
  }, 
  {
    "pk": 5, 
    "model": "streampunk.kitstatus", 
    "fields": {
      "gridOrder": 40, 
      "description": "", 
      "name": "Delivered", 
      "isDefault": false, 
      "isUndefined": false
    }
  }, 
  {
    "pk": 1, 
    "model": "streampunk.mediastatus", 
    "fields": {
      "gridOrder": 1, 
      "description": "", 
      "name": "TBA", 
      "isDefault": true, 
      "isUndefined": true
    }
  }, 
  {
    "pk": 2, 
    "model": "streampunk.mediastatus", 
    "fields": {
      "gridOrder": 10, 
      "description": "", 
      "name": "No media required", 
      "isDefault": false, 
      "isUndefined": false
    }
  }, 
  {
    "pk": 3, 
    "model": "streampunk.mediastatus", 
    "fields": {
      "gridOrder": 20, 
      "description": "", 
      "name": "Media needs sending to Tech", 
      "isDefault": false, 
      "isUndefined": false
    }
  }, 
  {
    "pk": 4, 
    "model": "streampunk.mediastatus", 
    "fields": {
      "gridOrder": 30, 
      "description": "", 
      "name": "Media received by Tech", 
      "isDefault": false, 
      "isUndefined": false
    }
  }, 
  {
    "pk": 1, 
    "model": "streampunk.checkresult", 
    "fields": {
      "gridOrder": 1, 
      "description": "Check returns a list of programme items.", 
      "name": "Item List", 
      "isDefault": true, 
      "isUndefined": false
    }
  }, 
  {
    "pk": 2, 
    "model": "streampunk.checkresult", 
    "fields": {
      "gridOrder": 2, 
      "description": "Check returns a list of people.", 
      "name": "Person List", 
      "isDefault": false, 
      "isUndefined": false
    }
  }, 
  {
    "pk": 3, 
    "model": "streampunk.checkresult", 
    "fields": {
      "gridOrder": 30, 
      "description": "Check will return a list of tuples, each of which contains mixed object kinds.", 
      "name": "Mixed Tuple", 
      "isDefault": false, 
      "isUndefined": false
    }
  }, 
  {
    "pk": 1, 
    "model": "streampunk.check", 
    "fields": {
      "result": 2, 
      "name": "People with no email address", 
      "module": "no_email", 
      "description": "List people who do not yet have an email address entered."
    }
  }, 
  {
    "pk": 2, 
    "model": "streampunk.check", 
    "fields": {
      "result": 2, 
      "name": "People who haven't joined yet", 
      "module": "not_member", 
      "description": "List people who don't have a valid membership number registered yet."
    }
  }, 
  {
    "pk": 3, 
    "model": "streampunk.check", 
    "fields": {
      "result": 2, 
      "name": "People who aren't complete yet", 
      "module": "not_complete_person", 
      "description": "List people who aren't marked as \"Complete\" yet."
    }
  }, 
  {
    "pk": 4, 
    "model": "streampunk.check", 
    "fields": {
      "result": 3, 
      "name": "People clashes", 
      "module": "person_clashes", 
      "description": "List items where the same person is programmed on two concurrent items."
    }
  }, 
  {
    "pk": 5, 
    "model": "streampunk.check", 
    "fields": {
      "result": 1, 
      "name": "Items with no people", 
      "module": "items_no_people", 
      "description": "List items which have no people on them."
    }
  }, 
  {
    "pk": 6, 
    "model": "streampunk.check", 
    "fields": {
      "result": 1, 
      "name": "Items with no room", 
      "module": "items_no_room", 
      "description": "List items that are not assigned to a real room yet."
    }
  }, 
  {
    "pk": 7, 
    "model": "streampunk.check", 
    "fields": {
      "result": 1, 
      "name": "Items not scheduled", 
      "module": "items_not_scheduled", 
      "description": "List items that do not yet have a defined day/start time."
    }
  }, 
  {
    "pk": 8, 
    "model": "streampunk.check", 
    "fields": {
      "result": 1, 
      "name": "Items with unknown gopher count", 
      "module": "items_unknown_gophers", 
      "description": "List items for which the gopher count is -1"
    }
  }, 
  {
    "pk": 9, 
    "model": "streampunk.check", 
    "fields": {
      "result": 1, 
      "name": "Items with unsatisfied kit requests", 
      "module": "items_unsatisfied_kitreq", 
      "description": "List items for which there are kit requests unsatisfied by either room or item assignments"
    }
  }, 
  {
    "pk": 10, 
    "model": "streampunk.check", 
    "fields": {
      "result": 3, 
      "name": "Kit clashes", 
      "module": "kit_clashes", 
      "description": "List kit assignments which clash with other kit assignments"
    }
  }, 
  {
    "pk": 1, 
    "model": "streampunk.coninfobool", 
    "fields": {
      "var": "show_shortname", 
      "name": "Show shortnames", 
      "val": true
    }
  }, 
  {
    "pk": 2, 
    "model": "streampunk.coninfobool", 
    "fields": {
      "var": "rooms_across_top", 
      "name": "Rooms across top on grids", 
      "val": false
    }
  }, 
  {
    "pk": 3, 
    "model": "streampunk.coninfobool", 
    "fields": {
      "var": "no_avail_means_always_avail", 
      "name": "No availability means \"always available\"", 
      "val": true
    }
  }, 
  {
    "pk": 1, 
    "model": "streampunk.coninfoint", 
    "fields": {
      "var": "max_items_per_day", 
      "name": "Max items per day for a person", 
      "val": 4
    }
  }, 
  {
    "pk": 2, 
    "model": "streampunk.coninfoint", 
    "fields": {
      "var": "max_items_whole_con", 
      "name": "Max items for a person across the whole con", 
      "val": 12
    }
  }, 
  {
    "pk": 3, 
    "model": "streampunk.coninfoint", 
    "fields": {
      "var": "max_consecutive_items", 
      "name": "Max consecutive items for a person", 
      "val": 2
    }
  }, 
  {
    "pk": 1, 
    "model": "streampunk.coninfostring", 
    "fields": {
      "var": "con_name", 
      "name": "Convention name", 
      "val": "MyCon 2012"
    }
  }, 
  {
    "pk": 2, 
    "model": "streampunk.coninfostring", 
    "fields": {
      "var": "email_from", 
      "name": "Email 'From' address", 
      "val": "steve@whitecrow.demon.co.uk"
    }
  }
]
